{"type": "FeatureCollection", "features": [{"type": "Feature", "geometry": {"type": "Point", "coordinates": [78.43277, 30.37445]}, "properties": {"name": "New Tehri", "population": 5000, "place_class": "town", "population_source": "osm:population", "osm_id": "245770131"}}, {"type": "Feature", "geometry": {"type": "Point", "coordinates": [78.5985849, 30.1461443]}, "properties": {"name": "Devprayag", "population": 2144, "place_class": "town", "population_source": "osm:population", "osm_id": "342114339"}}, {"type": "Feature", "geometry": {"type": "Point", "coordinates": [78.6016507, 30.1435187]}, "properties": {"name": "Bah Bazaar", "population": 8000, "place_class": "suburb", "population_source": "class_default", "osm_id": "5619564995"}}, {"type": "Feature", "geometry": {"type": "Point", "coordinates": [78.5969018, 30.1476524]}, "properties": {"name": "Shanti Bazaar", "population": 8000, "place_class": "suburb", "population_source": "class_default", "osm_id": "5619564996"}}, {"type": "Feature", "geometry": {"type": "Point", "coordinates": [78.6005215, 30.1455453]}, "properties": {"name": "Beech Bazaar", "population": 8000, "place_class": "suburb", "population_source": "class_default", "osm_id": "5619564997"}}, {"type": "Feature", "geometry": {"type": "Point", "coordinates": [78.60993, 30.27145]}, "properties": {"name": "Jamnikhal", "population": 1500, "place_class": "village", "population_source": "class_default", "osm_id": "342110242"}}, {"type": "Feature", "geometry": {"type": "Point", "coordinates": [78.58521, 30.4184]}, "properties": {"name": "Chaundana", "population": 1500, "place_class": "village", "population_source": "class_default", "osm_id": "342110754"}}, {"type": "Feature", "geometry": {"type": "Point", "coordinates": [78.59482, 30.40466]}, "properties": {"name": "Nanua", "population": 1500, "place_class": "village", "population_source": "class_default", "osm_id": "342110764"}}, {"type": "Feature", "geometry": {"type": "Point", "coordinates": [78.57422, 30.37033]}, "properties": {"name": "Gadolia", "population": 1500, "place_class": "village", "population_source": "class_default", "osm_id": "342110774"}}, {"type": "Feature", "geometry": {"type": "Point", "coordinates": [78.61267, 30.40878]}, "properties": {"name": "Ghunti", "population": 1500, "place_class": "village", "population_source": "class_default", "osm_id": "342111402"}}, {"type": "Feature", "geometry": {"type": "Point", "coordinates": [78.59757, 30.41565]}, "properties": {"name": "Sain", "population": 1500, "place_class": "village", "population_source": "class_default", "osm_id": "342111422"}}, {"type": "Feature", "geometry": {"type": "Point", "coordinates": [78.41492, 30.38269]}, "properties": {"name": "Nail", "population": 1500, "place_class": "village", "population_source": "class_default", "osm_id": "342113164"}}, {"type": "Feature", "geometry": {"type": "Point", "coordinates": [78.5083, 30.2385]}, "properties": {"name": "JN1", "population": 1500, "place_class": "village", "population_source": "class_default", "osm_id": "342113214"}}, {"type": "Feature", "geometry": {"type": "Point", "coordinates": [78.50693, 30.23712]}, "properties": {"name": "Chaka", "population": 1500, "place_class": "village", "population_source": "class_default", "osm_id": "342113223"}}, {"type": "Feature", "geometry": {"type": "Point", "coordinates": [78.4975476, 30.2567526]}, "properties": {"name": "Koteshwar", "population": 1500, "place_class": "village", "population_source": "class_default", "osm_id": "342113234"}}, {"type": "Feature", "geometry": {"type": "Point", "coordinates": [78.4686888, 30.2525093]}, "properties": {"name": "Pokhri(004)", "population": 1500, "place_class": "village", "population_source": "class_default", "osm_id": "342113246"}}, {"type": "Feature", "geometry": {"type": "Point", "coordinates": [78.4878184, 30.3296351]}, "properties": {"name": "Naramghat", "population": 1500, "place_class": "village", "population_source": "class_default", "osm_id": "342113257"}}, {"type": "Feature", "geometry": {"type": "Point", "coordinates": [78.46573, 30.32776]}, "properties": {"name": "Nakot", "population": 1500, "place_class": "village", "population_source": "class_default", "osm_id": "342113265"}}, {"type": "Feature", "geometry": {"type": "Point", "coordinates": [78.4932, 30.40329]}, "properties": {"name": "Madan Negi", "population": 1500, "place_class": "village", "population_source": "class_default", "osm_id": "342113289"}}, {"type": "Feature", "geometry": {"type": "Point", "coordinates": [78.47122, 30.38132]}, "properties": {"name": "Bhagirathipuram", "population": 1500, "place_class": "village", "population_source": "class_default", "osm_id": "342113298"}}, {"type": "Feature", "geometry": {"type": "Point", "coordinates": [78.43827, 30.40192]}, "properties": {"name": "Chakharchoura", "population": 1500, "place_class": "village", "population_source": "class_default", "osm_id": "342113308"}}, {"type": "Feature", "geometry": {"type": "Point", "coordinates": [78.444888, 30.4184301]}, "properties": {"name": "Mali Dewal", "population": 1500, "place_class": "village", "population_source": "class_default", "osm_id": "342113316"}}, {"type": "Feature", "geometry": {"type": "Point", "coordinates": [78.54813, 30.22751]}, "properties": {"name": "Khard", "population": 1500, "place_class": "village", "population_source": "class_default", "osm_id": "342114291"}}, {"type": "Feature", "geometry": {"type": "Point", "coordinates": [78.54676, 30.20004]}, "properties": {"name": "Maroragad", "population": 1500, "place_class": "village", "population_source": "class_default", "osm_id": "342114299"}}, {"type": "Feature", "geometry": {"type": "Point", "coordinates": [78.60443, 30.23163]}, "properties": {"name": "Hindolakhal", "population": 1500, "place_class": "village", "population_source": "class_default", "osm_id": "342114306"}}, {"type": "Feature", "geometry": {"type": "Point", "coordinates": [78.59482, 30.21515]}, "properties": {"name": "Bidakot", "population": 1500, "place_class": "village", "population_source": "class_default", "osm_id": "342114312"}}, {"type": "Feature", "geometry": {"type": "Point", "coordinates": [78.60169, 30.19867]}, "properties": {"name": "Amni", "population": 1500, "place_class": "village", "population_source": "class_default", "osm_id": "342114319"}}, {"type": "Feature", "geometry": {"type": "Point", "coordinates": [78.60993, 30.18219]}, "properties": {"name": "Mahar", "population": 1500, "place_class": "village", "population_source": "class_default", "osm_id": "342114326"}}, {"type": "Feature", "geometry": {"type": "Point", "coordinates": [78.5948146, 30.1688329]}, "properties": {"name": "Gumeth", "population": 1500, "place_class": "village", "population_source": "class_default", "osm_id": "342114332"}}, {"type": "Feature", "geometry": {"type": "Point", "coordinates": [78.58933, 30.10803]}, "properties": {"name": "Umrasu", "population": 1500, "place_class": "village", "population_source": "class_default", "osm_id": "342114346"}}, {"type": "Feature", "geometry": {"type": "Point", "coordinates": [78.61542, 30.12314]}, "properties": {"name": "Siralakhal", "population": 1500, "place_class": "village", "population_source": "class_default", "osm_id": "342114353"}}, {"type": "Feature", "geometry": {"type": "Point", "coordinates": [78.61954, 30.1149]}, "properties": {"name": "Baroda", "population": 1500, "place_class": "village", "population_source": "class_default", "osm_id": "342114359"}}, {"type": "Feature", "geometry": {"type": "Point", "coordinates": [78.49732, 30.22888]}, "properties": {"name": "Naugarh", "population": 1500, "place_class": "village", "population_source": "class_default", "osm_id": "342114450"}}, {"type": "Feature", "geometry": {"type": "Point", "coordinates": [78.52478, 30.23163]}, "properties": {"name": "Lasher", "population": 1500, "place_class": "village", "population_source": "class_default", "osm_id": "342114457"}}, {"type": "Feature", "geometry": {"type": "Point", "coordinates": [78.5017856, 30.0747051]}, "properties": {"name": "Kaudiyala", "population": 1500, "place_class": "village", "population_source": "class_default", "osm_id": "342114464"}}, {"type": "Feature", "geometry": {"type": "Point", "coordinates": [78.54401, 30.38544]}, "properties": {"name": "Rajakhet", "population": 1500, "place_class": "village", "population_source": "class_default", "osm_id": "342114733"}}, {"type": "Feature", "geometry": {"type": "Point", "coordinates": [78.4396471, 30.3758416]}, "properties": {"name": "Moldhar", "population": 1500, "place_class": "village", "population_source": "class_default", "osm_id": "4989193099"}}, {"type": "Feature", "geometry": {"type": "Point", "coordinates": [78.4407118, 30.3786209]}, "properties": {"name": "Baurari", "population": 1500, "place_class": "village", "population_source": "class_default", "osm_id": "5057198933"}}, {"type": "Feature", "geometry": {"type": "Point", "coordinates": [78.5210574, 30.4031295]}, "properties": {"name": "nelra", "population": 1500, "place_class": "village", "population_source": "class_default", "osm_id": "7849443779"}}, {"type": "Feature", "geometry": {"type": "Point", "coordinates": [78.5352731, 30.366303]}, "properties": {"name": "cholgaon", "population": 1500, "place_class": "village", "population_source": "class_default", "osm_id": "7849487212"}}, {"type": "Feature", "geometry": {"type": "Point", "coordinates": [78.4963703, 30.4239939]}, "properties": {"name": "Dharkot", "population": 1500, "place_class": "village", "population_source": "class_default", "osm_id": "7852043552"}}, {"type": "Feature", "geometry": {"type": "Point", "coordinates": [78.434937, 30.395236]}, "properties": {"name": "jaspur", "population": 1500, "place_class": "village", "population_source": "class_default", "osm_id": "7853017113"}}, {"type": "Feature", "geometry": {"type": "Point", "coordinates": [78.453176, 30.4108743]}, "properties": {"name": "Balasi Dobata", "population": 1500, "place_class": "village", "population_source": "class_default", "osm_id": "7853017119"}}, {"type": "Feature", "geometry": {"type": "Point", "coordinates": [78.4461808, 30.3807243]}, "properties": {"name": "Pipli", "population": 1500, "place_class": "village", "population_source": "class_default", "osm_id": "7853797400"}}, {"type": "Feature", "geometry": {"type": "Point", "coordinates": [78.443563, 30.373986]}, "properties": {"name": "Kemsari", "population": 1500, "place_class": "village", "population_source": "class_default", "osm_id": "7853797401"}}, {"type": "Feature", "geometry": {"type": "Point", "coordinates": [78.6556935, 30.3307128]}, "properties": {"name": "jakhand", "population": 1500, "place_class": "village", "population_source": "class_default", "osm_id": "7863446842"}}, {"type": "Feature", "geometry": {"type": "Point", "coordinates": [78.529737, 30.3046322]}, "properties": {"name": "kandadang", "population": 1500, "place_class": "village", "population_source": "class_default", "osm_id": "7865581963"}}, {"type": "Feature", "geometry": {"type": "Point", "coordinates": [78.5108757, 30.3340927]}, "properties": {"name": "jakhnidhar", "population": 1500, "place_class": "village", "population_source": "class_default", "osm_id": "7865581979"}}, {"type": "Feature", "geometry": {"type": "Point", "coordinates": [78.5500681, 30.2568987]}, "properties": {"name": "chapoli", "population": 1500, "place_class": "village", "population_source": "class_default", "osm_id": "7865773091"}}, {"type": "Feature", "geometry": {"type": "Point", "coordinates": [78.6056328, 30.3598784]}, "properties": {"name": "jhurangaon", "population": 1500, "place_class": "village", "population_source": "class_default", "osm_id": "7865779862"}}, {"type": "Feature", "geometry": {"type": "Point", "coordinates": [78.5877907, 30.3143345]}, "properties": {"name": "anjanisain", "population": 1500, "place_class": "village", "population_source": "class_default", "osm_id": "7865789500"}}, {"type": "Feature", "geometry": {"type": "Point", "coordinates": [78.4546136, 30.1356263]}, "properties": {"name": "Kakhil", "population": 1500, "place_class": "village", "population_source": "class_default", "osm_id": "7886719417"}}, {"type": "Feature", "geometry": {"type": "Point", "coordinates": [78.4861135, 30.1847541]}, "properties": {"name": "Bansktal", "population": 1500, "place_class": "village", "population_source": "class_default", "osm_id": "7886755227"}}, {"type": "Feature", "geometry": {"type": "Point", "coordinates": [78.4668445, 30.1541449]}, "properties": {"name": "Silkani", "population": 1500, "place_class": "village", "population_source": "class_default", "osm_id": "7886755241"}}, {"type": "Feature", "geometry": {"type": "Point", "coordinates": [78.4736681, 30.1220784]}, "properties": {"name": "Chaundli", "population": 1500, "place_class": "village", "population_source": "class_default", "osm_id": "7886755247"}}, {"type": "Feature", "geometry": {"type": "Point", "coordinates": [78.6008799, 30.1457581]}, "properties": {"name": "Masniya Bani", "population": 1500, "place_class": "village", "population_source": "class_default", "osm_id": "7944723363"}}, {"type": "Feature", "geometry": {"type": "Point", "coordinates": [78.61954, 30.35797]}, "properties": {"name": "Syalkhund", "population": 250, "place_class": "hamlet", "population_source": "class_default", "osm_id": "342110794"}}, {"type": "Feature", "geometry": {"type": "Point", "coordinates": [78.4944122, 30.3782299]}, "properties": {"name": "Tipri", "population": 250, "place_class": "hamlet", "population_source": "class_default", "osm_id": "2357223587"}}, {"type": "Feature", "geometry": {"type": "Point", "coordinates": [78.455885, 30.3121303]}, "properties": {"name": "Managi", "population": 250, "place_class": "hamlet", "population_source": "class_default", "osm_id": "2357231750"}}, {"type": "Feature", "geometry": {"type": "Point", "coordinates": [78.4676612, 30.3159232]}, "properties": {"name": "Pillaigul", "population": 250, "place_class": "hamlet", "population_source": "class_default", "osm_id": "2357573472"}}, {"type": "Feature", "geometry": {"type": "Point", "coordinates": [78.5996053, 30.3687705]}, "properties": {"name": "Molnau", "population": 250, "place_class": "hamlet", "population_source": "class_default", "osm_id": "2377985052"}}, {"type": "Feature", "geometry": {"type": "Point", "coordinates": [78.516667, 30.25]}, "properties": {"name": "Saur", "population": 250, "place_class": "hamlet", "population_source": "class_default", "osm_id": "2377985116"}}, {"type": "Feature", "geometry": {"type": "Point", "coordinates": [78.457175, 30.4029912]}, "properties": {"name": "Pailyuan", "population": 250, "place_class": "hamlet", "population_source": "class_default", "osm_id": "2613454983"}}, {"type": "Feature", "geometry": {"type": "Point", "coordinates": [78.4697092, 30.2851744]}, "properties": {"name": "Mauita", "population": 250, "place_class": "hamlet", "population_source": "class_default", "osm_id": "3204131186"}}, {"type": "Feature", "geometry": {"type": "Point", "coordinates": [78.4301854, 30.3804161]}, "properties": {"name": "Chhamund", "population": 250, "place_class": "hamlet", "population_source": "class_default", "osm_id": "4985286047"}}, {"type": "Feature", "geometry": {"type": "Point", "coordinates": [78.4549275, 30.3556523]}, "properties": {"name": "Koti", "population": 250, "place_class": "hamlet", "population_source": "class_default", "osm_id": "6167218698"}}, {"type": "Feature", "geometry": {"type": "Point", "coordinates": [78.4478438, 30.3526665]}, "properties": {"name": "Kanda", "population": 250, "place_class": "hamlet", "population_source": "class_default", "osm_id": "6167218747"}}, {"type": "Feature", "geometry": {"type": "Point", "coordinates": [78.6143875, 30.3623039]}, "properties": {"name": "kwanli", "population": 250, "place_class": "hamlet", "population_source": "class_default", "osm_id": "7846778069"}}, {"type": "Feature", "geometry": {"type": "Point", "coordinates": [78.6406141, 30.3931769]}, "properties": {"name": "vanchuri", "population": 250, "place_class": "hamlet", "population_source": "class_default", "osm_id": "7846778072"}}, {"type": "Feature", "geometry": {"type": "Point", "coordinates": [78.6126012, 30.3881238]}, "properties": {"name": "salugi gad", "population": 250, "place_class": "hamlet", "population_source": "class_default", "osm_id": "7846778073"}}, {"type": "Feature", "geometry": {"type": "Point", "coordinates": [78.612349, 30.3846717]}, "properties": {"name": "langu", "population": 250, "place_class": "hamlet", "population_source": "class_default", "osm_id": "7846778075"}}, {"type": "Feature", "geometry": {"type": "Point", "coordinates": [78.6203527, 30.3995946]}, "properties": {"name": "indrola", "population": 250, "place_class": "hamlet", "population_source": "class_default", "osm_id": "7846778077"}}, {"type": "Feature", "geometry": {"type": "Point", "coordinates": [78.6369395, 30.4156949]}, "properties": {"name": "pilkhi", "population": 250, "place_class": "hamlet", "population_source": "class_default", "osm_id": "7846778080"}}, {"type": "Feature", "geometry": {"type": "Point", "coordinates": [78.6212218, 30.418119]}, "properties": {"name": "pipola", "population": 250, "place_class": "hamlet", "population_source": "class_default", "osm_id": "7846778083"}}, {"type": "Feature", "geometry": {"type": "Point", "coordinates": [78.6578822, 30.4112074]}, "properties": {"name": "thapta", "population": 250, "place_class": "hamlet", "population_source": "class_default", "osm_id": "7846885744"}}, {"type": "Feature", "geometry": {"type": "Point", "coordinates": [78.6420679, 30.423596]}, "properties": {"name": "baunr", "population": 250, "place_class": "hamlet", "population_source": "class_default", "osm_id": "7846956939"}}, {"type": "Feature", "geometry": {"type": "Point", "coordinates": [78.5254025, 30.4178506]}, "properties": {"name": "kaphlog", "population": 250, "place_class": "hamlet", "population_source": "class_default", "osm_id": "7849319623"}}, {"type": "Feature", "geometry": {"type": "Point", "coordinates": [78.5198986, 30.4216347]}, "properties": {"name": "saur", "population": 250, "place_class": "hamlet", "population_source": "class_default", "osm_id": "7849319624"}}, {"type": "Feature", "geometry": {"type": "Point", "coordinates": [78.5451114, 30.3907429]}, "properties": {"name": "siloli", "population": 250, "place_class": "hamlet", "population_source": "class_default", "osm_id": "7849443768"}}, {"type": "Feature", "geometry": {"type": "Point", "coordinates": [78.542397, 30.3944586]}, "properties": {"name": "kotchaunri", "population": 250, "place_class": "hamlet", "population_source": "class_default", "osm_id": "7849443769"}}, {"type": "Feature", "geometry": {"type": "Point", "coordinates": [78.5307455, 30.3996686]}, "properties": {"name": "bhasli", "population": 250, "place_class": "hamlet", "population_source": "class_default", "osm_id": "7849443771"}}, {"type": "Feature", "geometry": {"type": "Point", "coordinates": [78.5326123, 30.3913861]}, "properties": {"name": "pachri", "population": 250, "place_class": "hamlet", "population_source": "class_default", "osm_id": "7849443773"}}, {"type": "Feature", "geometry": {"type": "Point", "coordinates": [78.5283557, 30.3858772]}, "properties": {"name": "nargarh", "population": 250, "place_class": "hamlet", "population_source": "class_default", "osm_id": "7849443774"}}, {"type": "Feature", "geometry": {"type": "Point", "coordinates": [78.5144913, 30.3889336]}, "properties": {"name": "belthasaur", "population": 250, "place_class": "hamlet", "population_source": "class_default", "osm_id": "7849443776"}}, {"type": "Feature", "geometry": {"type": "Point", "coordinates": [78.5108006, 30.3970313]}, "properties": {"name": "ganoli", "population": 250, "place_class": "hamlet", "population_source": "class_default", "osm_id": "7849443777"}}, {"type": "Feature", "geometry": {"type": "Point", "coordinates": [78.5029578, 30.4036477]}, "properties": {"name": "kathuli", "population": 250, "place_class": "hamlet", "population_source": "class_default", "osm_id": "7849443781"}}, {"type": "Feature", "geometry": {"type": "Point", "coordinates": [78.5081935, 30.4076266]}, "properties": {"name": "badil", "population": 250, "place_class": "hamlet", "population_source": "class_default", "osm_id": "7849443784"}}, {"type": "Feature", "geometry": {"type": "Point", "coordinates": [78.5117125, 30.4142099]}, "properties": {"name": "bisatli", "population": 250, "place_class": "hamlet", "population_source": "class_default", "osm_id": "7849464486"}}, {"type": "Feature", "geometry": {"type": "Point", "coordinates": [78.505125, 30.414617]}, "properties": {"name": "rindol", "population": 250, "place_class": "hamlet", "population_source": "class_default", "osm_id": "7849464487"}}, {"type": "Feature", "geometry": {"type": "Point", "coordinates": [78.5351872, 30.3704222]}, "properties": {"name": "barkot", "population": 250, "place_class": "hamlet", "population_source": "class_default", "osm_id": "7849487213"}}, {"type": "Feature", "geometry": {"type": "Point", "coordinates": [78.5265505, 30.3672194]}, "properties": {"name": "bhatkanda", "population": 250, "place_class": "hamlet", "population_source": "class_default", "osm_id": "7849487216"}}, {"type": "Feature", "geometry": {"type": "Point", "coordinates": [78.5202312, 30.3757261]}, "properties": {"name": "pipola", "population": 250, "place_class": "hamlet", "population_source": "class_default", "osm_id": "7849487217"}}, {"type": "Feature", "geometry": {"type": "Point", "coordinates": [78.5146737, 30.3757816]}, "properties": {"name": "uthar", "population": 250, "place_class": "hamlet", "population_source": "class_default", "osm_id": "7849487218"}}, {"type": "Feature", "geometry": {"type": "Point", "coordinates": [78.5108113, 30.3620725]}, "properties": {"name": "geonli", "population": 250, "place_class": "hamlet", "population_source": "class_default", "osm_id": "7849487223"}}, {"type": "Feature", "geometry": {"type": "Point", "coordinates": [78.5020566, 30.3682839]}, "properties": {"name": "tipri", "population": 250, "place_class": "hamlet", "population_source": "class_default", "osm_id": "7849487224"}}, {"type": "Feature", "geometry": {"type": "Point", "coordinates": [78.5007048, 30.376013]}, "properties": {"name": "tipri", "population": 250, "place_class": "hamlet", "population_source": "class_default", "osm_id": "7849487225"}}, {"type": "Feature", "geometry": {"type": "Point", "coordinates": [78.5808062, 30.3682377]}, "properties": {"name": "kandi", "population": 250, "place_class": "hamlet", "population_source": "class_default", "osm_id": "7850045838"}}, {"type": "Feature", "geometry": {"type": "Point", "coordinates": [78.5709089, 30.3642109]}, "properties": {"name": "gadoliya", "population": 250, "place_class": "hamlet", "population_source": "class_default", "osm_id": "7850045839"}}, {"type": "Feature", "geometry": {"type": "Point", "coordinates": [78.5627523, 30.3629102]}, "properties": {"name": "chah", "population": 250, "place_class": "hamlet", "population_source": "class_default", "osm_id": "7850045843"}}, {"type": "Feature", "geometry": {"type": "Point", "coordinates": [78.5633933, 30.3661086]}, "properties": {"name": "undoli", "population": 250, "place_class": "hamlet", "population_source": "class_default", "osm_id": "7850045844"}}, {"type": "Feature", "geometry": {"type": "Point", "coordinates": [78.5654962, 30.369691]}, "properties": {"name": "raswari", "population": 250, "place_class": "hamlet", "population_source": "class_default", "osm_id": "7850045846"}}, {"type": "Feature", "geometry": {"type": "Point", "coordinates": [78.5678619, 30.3827605]}, "properties": {"name": "myunda", "population": 250, "place_class": "hamlet", "population_source": "class_default", "osm_id": "7850045854"}}, {"type": "Feature", "geometry": {"type": "Point", "coordinates": [78.5578895, 30.3962215]}, "properties": {"name": "chaund", "population": 250, "place_class": "hamlet", "population_source": "class_default", "osm_id": "7850045858"}}, {"type": "Feature", "geometry": {"type": "Point", "coordinates": [78.555851, 30.394056]}, "properties": {"name": "kolgaon", "population": 250, "place_class": "hamlet", "population_source": "class_default", "osm_id": "7850045859"}}, {"type": "Feature", "geometry": {"type": "Point", "coordinates": [78.5539198, 30.398114]}, "properties": {"name": "bhatwara", "population": 250, "place_class": "hamlet", "population_source": "class_default", "osm_id": "7850045860"}}, {"type": "Feature", "geometry": {"type": "Point", "coordinates": [78.5811979, 30.3989422]}, "properties": {"name": "sarphal", "population": 250, "place_class": "hamlet", "population_source": "class_default", "osm_id": "7850045862"}}, {"type": "Feature", "geometry": {"type": "Point", "coordinates": [78.5808062, 30.4100693]}, "properties": {"name": "that", "population": 250, "place_class": "hamlet", "population_source": "class_default", "osm_id": "7850045865"}}, {"type": "Feature", "geometry": {"type": "Point", "coordinates": [78.5940939, 30.4038003]}, "properties": {"name": "nanuwan", "population": 250, "place_class": "hamlet", "population_source": "class_default", "osm_id": "7850089299"}}, {"type": "Feature", "geometry": {"type": "Point", "coordinates": [78.583188, 30.4072472]}, "properties": {"name": "musankn", "population": 250, "place_class": "hamlet", "population_source": "class_default", "osm_id": "7850089300"}}, {"type": "Feature", "geometry": {"type": "Point", "coordinates": [78.6002254, 30.4043417]}, "properties": {"name": "ghanti", "population": 250, "place_class": "hamlet", "population_source": "class_default", "osm_id": "7850089301"}}, {"type": "Feature", "geometry": {"type": "Point", "coordinates": [78.6058473, 30.4008439]}, "properties": {"name": "padagali", "population": 250, "place_class": "hamlet", "population_source": "class_default", "osm_id": "7850089311"}}, {"type": "Feature", "geometry": {"type": "Point", "coordinates": [78.6053699, 30.3938432]}, "properties": {"name": "patala", "population": 250, "place_class": "hamlet", "population_source": "class_default", "osm_id": "7850089313"}}, {"type": "Feature", "geometry": {"type": "Point", "coordinates": [78.5978758, 30.3944956]}, "properties": {"name": "pauridhar", "population": 250, "place_class": "hamlet", "population_source": "class_default", "osm_id": "7850089314"}}, {"type": "Feature", "geometry": {"type": "Point", "coordinates": [78.5954404, 30.420765]}, "properties": {"name": "kandogi", "population": 250, "place_class": "hamlet", "population_source": "class_default", "osm_id": "7851858797"}}, {"type": "Feature", "geometry": {"type": "Point", "coordinates": [78.6020493, 30.4225413]}, "properties": {"name": "lhasi", "population": 250, "place_class": "hamlet", "population_source": "class_default", "osm_id": "7851858798"}}, {"type": "Feature", "geometry": {"type": "Point", "coordinates": [78.4816718, 30.4125213]}, "properties": {"name": "Barakhali", "population": 250, "place_class": "hamlet", "population_source": "class_default", "osm_id": "7852043550"}}, {"type": "Feature", "geometry": {"type": "Point", "coordinates": [78.4920517, 30.4149881]}, "properties": {"name": "Barudi", "population": 250, "place_class": "hamlet", "population_source": "class_default", "osm_id": "7852043554"}}, {"type": "Feature", "geometry": {"type": "Point", "coordinates": [78.4869289, 30.4189609]}, "properties": {"name": "Dangi", "population": 250, "place_class": "hamlet", "population_source": "class_default", "osm_id": "7852043555"}}, {"type": "Feature", "geometry": {"type": "Point", "coordinates": [78.4888601, 30.4172955]}, "properties": {"name": "Khola", "population": 250, "place_class": "hamlet", "population_source": "class_default", "osm_id": "7852043556"}}, {"type": "Feature", "geometry": {"type": "Point", "coordinates": [78.486371, 30.4059703]}, "properties": {"name": "Jalwalgoan Talla", "population": 250, "place_class": "hamlet", "population_source": "class_default", "osm_id": "7852043557"}}, {"type": "Feature", "geometry": {"type": "Point", "coordinates": [78.4897184, 30.4098936]}, "properties": {"name": "Jalwalgoan Malla", "population": 250, "place_class": "hamlet", "population_source": "class_default", "osm_id": "7852043558"}}, {"type": "Feature", "geometry": {"type": "Point", "coordinates": [78.4819936, 30.4181097]}, "properties": {"name": "Kangsali", "population": 250, "place_class": "hamlet", "population_source": "class_default", "osm_id": "7852043559"}}, {"type": "Feature", "geometry": {"type": "Point", "coordinates": [78.4738827, 30.4198861]}, "properties": {"name": "Nautar", "population": 250, "place_class": "hamlet", "population_source": "class_default", "osm_id": "7852043560"}}, {"type": "Feature", "geometry": {"type": "Point", "coordinates": [78.4783029, 30.421866]}, "properties": {"name": "Kharoi", "population": 250, "place_class": "hamlet", "population_source": "class_default", "osm_id": "7852043561"}}, {"type": "Feature", "geometry": {"type": "Point", "coordinates": [78.4234357, 30.3999555]}, "properties": {"name": "Pali", "population": 250, "place_class": "hamlet", "population_source": "class_default", "osm_id": "7853017096"}}, {"type": "Feature", "geometry": {"type": "Point", "coordinates": [78.4175563, 30.3993633]}, "properties": {"name": "nagot", "population": 250, "place_class": "hamlet", "population_source": "class_default", "osm_id": "7853017097"}}, {"type": "Feature", "geometry": {"type": "Point", "coordinates": [78.4192943, 30.4047859]}, "properties": {"name": "baur", "population": 250, "place_class": "hamlet", "population_source": "class_default", "osm_id": "7853017109"}}, {"type": "Feature", "geometry": {"type": "Point", "coordinates": [78.4167194, 30.3942365]}, "properties": {"name": "bergani", "population": 250, "place_class": "hamlet", "population_source": "class_default", "osm_id": "7853017111"}}, {"type": "Feature", "geometry": {"type": "Point", "coordinates": [78.4425759, 30.3966796]}, "properties": {"name": "Jakh", "population": 250, "place_class": "hamlet", "population_source": "class_default", "osm_id": "7853017115"}}, {"type": "Feature", "geometry": {"type": "Point", "coordinates": [78.4540128, 30.3922931]}, "properties": {"name": "kutha", "population": 250, "place_class": "hamlet", "population_source": "class_default", "osm_id": "7853017116"}}, {"type": "Feature", "geometry": {"type": "Point", "coordinates": [78.4593129, 30.399937]}, "properties": {"name": "Gajna", "population": 250, "place_class": "hamlet", "population_source": "class_default", "osm_id": "7853017117"}}, {"type": "Feature", "geometry": {"type": "Point", "coordinates": [78.4560942, 30.4039901]}, "properties": {"name": "Koti", "population": 250, "place_class": "hamlet", "population_source": "class_default", "osm_id": "7853017118"}}, {"type": "Feature", "geometry": {"type": "Point", "coordinates": [78.4977436, 30.3951804]}, "properties": {"name": "Sandana", "population": 250, "place_class": "hamlet", "population_source": "class_default", "osm_id": "7853795296"}}, {"type": "Feature", "geometry": {"type": "Point", "coordinates": [78.4158611, 30.3801319]}, "properties": {"name": "Jaledi", "population": 250, "place_class": "hamlet", "population_source": "class_default", "osm_id": "7853797398"}}, {"type": "Feature", "geometry": {"type": "Point", "coordinates": [78.4615338, 30.3718385]}, "properties": {"name": "khemra", "population": 250, "place_class": "hamlet", "population_source": "class_default", "osm_id": "7853797402"}}, {"type": "Feature", "geometry": {"type": "Point", "coordinates": [78.4678638, 30.3776282]}, "properties": {"name": "Alum", "population": 250, "place_class": "hamlet", "population_source": "class_default", "osm_id": "7853797403"}}, {"type": "Feature", "geometry": {"type": "Point", "coordinates": [78.4663725, 30.3803911]}, "properties": {"name": "Kathiagaon", "population": 250, "place_class": "hamlet", "population_source": "class_default", "osm_id": "7853797404"}}, {"type": "Feature", "geometry": {"type": "Point", "coordinates": [78.4665227, 30.3830937]}, "properties": {"name": "Dibanu", "population": 250, "place_class": "hamlet", "population_source": "class_default", "osm_id": "7853797405"}}, {"type": "Feature", "geometry": {"type": "Point", "coordinates": [78.4504723, 30.3781512]}, "properties": {"name": "pInola talla", "population": 250, "place_class": "hamlet", "population_source": "class_default", "osm_id": "7853797406"}}, {"type": "Feature", "geometry": {"type": "Point", "coordinates": [78.4580469, 30.3815202]}, "properties": {"name": "pInola Malla", "population": 250, "place_class": "hamlet", "population_source": "class_default", "osm_id": "7853797407"}}, {"type": "Feature", "geometry": {"type": "Point", "coordinates": [78.4607076, 30.3817424]}, "properties": {"name": "bagi", "population": 250, "place_class": "hamlet", "population_source": "class_default", "osm_id": "7853797408"}}, {"type": "Feature", "geometry": {"type": "Point", "coordinates": [78.4545064, 30.3815943]}, "properties": {"name": "Kund", "population": 250, "place_class": "hamlet", "population_source": "class_default", "osm_id": "7853797410"}}, {"type": "Feature", "geometry": {"type": "Point", "coordinates": [78.4198093, 30.4230317]}, "properties": {"name": "hadgi", "population": 250, "place_class": "hamlet", "population_source": "class_default", "osm_id": "7853797431"}}, {"type": "Feature", "geometry": {"type": "Point", "coordinates": [78.415904, 30.4218845]}, "properties": {"name": "maset", "population": 250, "place_class": "hamlet", "population_source": "class_default", "osm_id": "7853797432"}}, {"type": "Feature", "geometry": {"type": "Point", "coordinates": [78.4298086, 30.4168329]}, "properties": {"name": "Jiundasu", "population": 250, "place_class": "hamlet", "population_source": "class_default", "osm_id": "7853797433"}}, {"type": "Feature", "geometry": {"type": "Point", "coordinates": [78.4266972, 30.4022689]}, "properties": {"name": "Nagar", "population": 250, "place_class": "hamlet", "population_source": "class_default", "osm_id": "7853797450"}}, {"type": "Feature", "geometry": {"type": "Point", "coordinates": [78.4344005, 30.4053225]}, "properties": {"name": "Ramgaon", "population": 250, "place_class": "hamlet", "population_source": "class_default", "osm_id": "7853797451"}}, {"type": "Feature", "geometry": {"type": "Point", "coordinates": [78.4394645, 30.4086907]}, "properties": {"name": "Jhulakgaon", "population": 250, "place_class": "hamlet", "population_source": "class_default", "osm_id": "7853797452"}}, {"type": "Feature", "geometry": {"type": "Point", "coordinates": [78.4452581, 30.4135206]}, "properties": {"name": "Tiwargaon", "population": 250, "place_class": "hamlet", "population_source": "class_default", "osm_id": "7853797453"}}, {"type": "Feature", "geometry": {"type": "Point", "coordinates": [78.4418893, 30.4181097]}, "properties": {"name": "Marora", "population": 250, "place_class": "hamlet", "population_source": "class_default", "osm_id": "7853797454"}}, {"type": "Feature", "geometry": {"type": "Point", "coordinates": [78.6272836, 30.3511296]}, "properties": {"name": "magron", "population": 250, "place_class": "hamlet", "population_source": "class_default", "osm_id": "7861377454"}}, {"type": "Feature", "geometry": {"type": "Point", "coordinates": [78.6168659, 30.3459078]}, "properties": {"name": "silor", "population": 250, "place_class": "hamlet", "population_source": "class_default", "osm_id": "7861377455"}}, {"type": "Feature", "geometry": {"type": "Point", "coordinates": [78.6462951, 30.3588971]}, "properties": {"name": "paluni", "population": 250, "place_class": "hamlet", "population_source": "class_default", "osm_id": "7861377456"}}, {"type": "Feature", "geometry": {"type": "Point", "coordinates": [78.6319721, 30.3588601]}, "properties": {"name": "pali", "population": 250, "place_class": "hamlet", "population_source": "class_default", "osm_id": "7861377457"}}, {"type": "Feature", "geometry": {"type": "Point", "coordinates": [78.6044848, 30.3494724]}, "properties": {"name": "lavoigaon", "population": 250, "place_class": "hamlet", "population_source": "class_default", "osm_id": "7861377458"}}, {"type": "Feature", "geometry": {"type": "Point", "coordinates": [78.6295259, 30.324573]}, "properties": {"name": "machyarri", "population": 250, "place_class": "hamlet", "population_source": "class_default", "osm_id": "7861409929"}}, {"type": "Feature", "geometry": {"type": "Point", "coordinates": [78.646971, 30.3343427]}, "properties": {"name": "amoli", "population": 250, "place_class": "hamlet", "population_source": "class_default", "osm_id": "7861409930"}}, {"type": "Feature", "geometry": {"type": "Point", "coordinates": [78.63886, 30.3363105]}, "properties": {"name": "dhaulangi", "population": 250, "place_class": "hamlet", "population_source": "class_default", "osm_id": "7861409931"}}, {"type": "Feature", "geometry": {"type": "Point", "coordinates": [78.629896, 30.3394796]}, "properties": {"name": "kwili", "population": 250, "place_class": "hamlet", "population_source": "class_default", "osm_id": "7861409932"}}, {"type": "Feature", "geometry": {"type": "Point", "coordinates": [78.6183357, 30.3342733]}, "properties": {"name": "silor", "population": 250, "place_class": "hamlet", "population_source": "class_default", "osm_id": "7861409934"}}, {"type": "Feature", "geometry": {"type": "Point", "coordinates": [78.6532044, 30.3067997]}, "properties": {"name": "tyalni", "population": 250, "place_class": "hamlet", "population_source": "class_default", "osm_id": "7863446832"}}, {"type": "Feature", "geometry": {"type": "Point", "coordinates": [78.6346757, 30.2970642]}, "properties": {"name": "savchunni", "population": 250, "place_class": "hamlet", "population_source": "class_default", "osm_id": "7863446833"}}, {"type": "Feature", "geometry": {"type": "Point", "coordinates": [78.6418533, 30.3006862]}, "properties": {"name": "tyuna", "population": 250, "place_class": "hamlet", "population_source": "class_default", "osm_id": "7863446834"}}, {"type": "Feature", "geometry": {"type": "Point", "coordinates": [78.6099887, 30.2948039]}, "properties": {"name": "shakrisain", "population": 250, "place_class": "hamlet", "population_source": "class_default", "osm_id": "7863446836"}}, {"type": "Feature", "geometry": {"type": "Point", "coordinates": [78.6178529, 30.2996672]}, "properties": {"name": "jurana", "population": 250, "place_class": "hamlet", "population_source": "class_default", "osm_id": "7863446837"}}, {"type": "Feature", "geometry": {"type": "Point", "coordinates": [78.6071885, 30.3071146]}, "properties": {"name": "ghogas", "population": 250, "place_class": "hamlet", "population_source": "class_default", "osm_id": "7863446839"}}, {"type": "Feature", "geometry": {"type": "Point", "coordinates": [78.6591697, 30.3206463]}, "properties": {"name": "budena", "population": 250, "place_class": "hamlet", "population_source": "class_default", "osm_id": "7863446841"}}, {"type": "Feature", "geometry": {"type": "Point", "coordinates": [78.6528182, 30.2591599]}, "properties": {"name": "pharasuli", "population": 250, "place_class": "hamlet", "population_source": "class_default", "osm_id": "7863511833"}}, {"type": "Feature", "geometry": {"type": "Point", "coordinates": [78.6402762, 30.2617454]}, "properties": {"name": "dobla", "population": 250, "place_class": "hamlet", "population_source": "class_default", "osm_id": "7863511835"}}, {"type": "Feature", "geometry": {"type": "Point", "coordinates": [78.631264, 30.2655818]}, "properties": {"name": "dewalkandi", "population": 250, "place_class": "hamlet", "population_source": "class_default", "osm_id": "7863511836"}}, {"type": "Feature", "geometry": {"type": "Point", "coordinates": [78.6569166, 30.2716511]}, "properties": {"name": "gujeta", "population": 250, "place_class": "hamlet", "population_source": "class_default", "osm_id": "7863511837"}}, {"type": "Feature", "geometry": {"type": "Point", "coordinates": [78.6540627, 30.2775626]}, "properties": {"name": "kunri", "population": 250, "place_class": "hamlet", "population_source": "class_default", "osm_id": "7863511840"}}, {"type": "Feature", "geometry": {"type": "Point", "coordinates": [78.6404371, 30.2733375]}, "properties": {"name": "bagi", "population": 250, "place_class": "hamlet", "population_source": "class_default", "osm_id": "7863511841"}}, {"type": "Feature", "geometry": {"type": "Point", "coordinates": [78.6455869, 30.2730225]}, "properties": {"name": "nausa", "population": 250, "place_class": "hamlet", "population_source": "class_default", "osm_id": "7863511843"}}, {"type": "Feature", "geometry": {"type": "Point", "coordinates": [78.6300409, 30.2779888]}, "properties": {"name": "khateli", "population": 250, "place_class": "hamlet", "population_source": "class_default", "osm_id": "7863511844"}}, {"type": "Feature", "geometry": {"type": "Point", "coordinates": [78.6353409, 30.2558793]}, "properties": {"name": "dobh", "population": 250, "place_class": "hamlet", "population_source": "class_default", "osm_id": "7863511847"}}, {"type": "Feature", "geometry": {"type": "Point", "coordinates": [78.6394501, 30.2579552]}, "properties": {"name": "silgarh", "population": 250, "place_class": "hamlet", "population_source": "class_default", "osm_id": "7863511848"}}, {"type": "Feature", "geometry": {"type": "Point", "coordinates": [78.6226916, 30.250467]}, "properties": {"name": "bhainskot", "population": 250, "place_class": "hamlet", "population_source": "class_default", "osm_id": "7863511849"}}, {"type": "Feature", "geometry": {"type": "Point", "coordinates": [78.6151171, 30.2548321]}, "properties": {"name": "gausil", "population": 250, "place_class": "hamlet", "population_source": "class_default", "osm_id": "7863511850"}}, {"type": "Feature", "geometry": {"type": "Point", "coordinates": [78.6118019, 30.2645532]}, "properties": {"name": "wainspani", "population": 250, "place_class": "hamlet", "population_source": "class_default", "osm_id": "7863511851"}}, {"type": "Feature", "geometry": {"type": "Point", "coordinates": [78.6191296, 30.2644235]}, "properties": {"name": "bhaldana", "population": 250, "place_class": "hamlet", "population_source": "class_default", "osm_id": "7863511852"}}, {"type": "Feature", "geometry": {"type": "Point", "coordinates": [78.6152029, 30.2789524]}, "properties": {"name": "kanyari", "population": 250, "place_class": "hamlet", "population_source": "class_default", "osm_id": "7863511853"}}, {"type": "Feature", "geometry": {"type": "Point", "coordinates": [78.6241293, 30.2713917]}, "properties": {"name": "chameri", "population": 250, "place_class": "hamlet", "population_source": "class_default", "osm_id": "7863511854"}}, {"type": "Feature", "geometry": {"type": "Point", "coordinates": [78.6159968, 30.2833996]}, "properties": {"name": "toli", "population": 250, "place_class": "hamlet", "population_source": "class_default", "osm_id": "7863511855"}}, {"type": "Feature", "geometry": {"type": "Point", "coordinates": [78.656187, 30.2898662]}, "properties": {"name": "chyazi", "population": 250, "place_class": "hamlet", "population_source": "class_default", "osm_id": "7863511856"}}, {"type": "Feature", "geometry": {"type": "Point", "coordinates": [78.6584616, 30.2884766]}, "properties": {"name": "tyargaon", "population": 250, "place_class": "hamlet", "population_source": "class_default", "osm_id": "7863511857"}}, {"type": "Feature", "geometry": {"type": "Point", "coordinates": [78.6421108, 30.2828437]}, "properties": {"name": "kadans", "population": 250, "place_class": "hamlet", "population_source": "class_default", "osm_id": "7863511858"}}, {"type": "Feature", "geometry": {"type": "Point", "coordinates": [78.6496961, 30.2856138]}, "properties": {"name": "burkot", "population": 250, "place_class": "hamlet", "population_source": "class_default", "osm_id": "7863511859"}}, {"type": "Feature", "geometry": {"type": "Point", "coordinates": [78.6458444, 30.287754]}, "properties": {"name": "arota", "population": 250, "place_class": "hamlet", "population_source": "class_default", "osm_id": "7863511860"}}, {"type": "Feature", "geometry": {"type": "Point", "coordinates": [78.6298585, 30.2819265]}, "properties": {"name": "pujargaon", "population": 250, "place_class": "hamlet", "population_source": "class_default", "osm_id": "7863511862"}}, {"type": "Feature", "geometry": {"type": "Point", "coordinates": [78.6373043, 30.2891436]}, "properties": {"name": "jhaldgaon", "population": 250, "place_class": "hamlet", "population_source": "class_default", "osm_id": "7863511863"}}, {"type": "Feature", "geometry": {"type": "Point", "coordinates": [78.6278951, 30.2864477]}, "properties": {"name": "gurain", "population": 250, "place_class": "hamlet", "population_source": "class_default", "osm_id": "7863511865"}}, {"type": "Feature", "geometry": {"type": "Point", "coordinates": [78.6209321, 30.2877817]}, "properties": {"name": "lingwangaon", "population": 250, "place_class": "hamlet", "population_source": "class_default", "osm_id": "7863511866"}}, {"type": "Feature", "geometry": {"type": "Point", "coordinates": [78.6101603, 30.2860771]}, "properties": {"name": "jhaldgaon", "population": 250, "place_class": "hamlet", "population_source": "class_default", "osm_id": "7863511867"}}, {"type": "Feature", "geometry": {"type": "Point", "coordinates": [78.532269, 30.3554347]}, "properties": {"name": "mariao", "population": 250, "place_class": "hamlet", "population_source": "class_default", "osm_id": "7865552909"}}, {"type": "Feature", "geometry": {"type": "Point", "coordinates": [78.5089445, 30.3464541]}, "properties": {"name": "koti", "population": 250, "place_class": "hamlet", "population_source": "class_default", "osm_id": "7865552911"}}, {"type": "Feature", "geometry": {"type": "Point", "coordinates": [78.5381564, 30.3067441]}, "properties": {"name": "rama", "population": 250, "place_class": "hamlet", "population_source": "class_default", "osm_id": "7865581957"}}, {"type": "Feature", "geometry": {"type": "Point", "coordinates": [78.5302519, 30.3020849]}, "properties": {"name": "belkandi", "population": 250, "place_class": "hamlet", "population_source": "class_default", "osm_id": "7865581958"}}, {"type": "Feature", "geometry": {"type": "Point", "coordinates": [78.5093736, 30.3100971]}, "properties": {"name": "bhatkot", "population": 250, "place_class": "hamlet", "population_source": "class_default", "osm_id": "7865581960"}}, {"type": "Feature", "geometry": {"type": "Point", "coordinates": [78.522361, 30.3120607]}, "properties": {"name": "sankund", "population": 250, "place_class": "hamlet", "population_source": "class_default", "osm_id": "7865581962"}}, {"type": "Feature", "geometry": {"type": "Point", "coordinates": [78.5287607, 30.3208778]}, "properties": {"name": "malyakot", "population": 250, "place_class": "hamlet", "population_source": "class_default", "osm_id": "7865581964"}}, {"type": "Feature", "geometry": {"type": "Point", "coordinates": [78.538996, 30.3250869]}, "properties": {"name": "parsari", "population": 250, "place_class": "hamlet", "population_source": "class_default", "osm_id": "7865581965"}}, {"type": "Feature", "geometry": {"type": "Point", "coordinates": [78.5231441, 30.324147]}, "properties": {"name": "chheti", "population": 250, "place_class": "hamlet", "population_source": "class_default", "osm_id": "7865581966"}}, {"type": "Feature", "geometry": {"type": "Point", "coordinates": [78.5059941, 30.3219012]}, "properties": {"name": "kapholgaon", "population": 250, "place_class": "hamlet", "population_source": "class_default", "osm_id": "7865581967"}}, {"type": "Feature", "geometry": {"type": "Point", "coordinates": [78.5045349, 30.3175066]}, "properties": {"name": "marora", "population": 250, "place_class": "hamlet", "population_source": "class_default", "osm_id": "7865581968"}}, {"type": "Feature", "geometry": {"type": "Point", "coordinates": [78.5070455, 30.3195164]}, "properties": {"name": "khandi", "population": 250, "place_class": "hamlet", "population_source": "class_default", "osm_id": "7865581969"}}, {"type": "Feature", "geometry": {"type": "Point", "coordinates": [78.512131, 30.3277216]}, "properties": {"name": "kumardhar", "population": 250, "place_class": "hamlet", "population_source": "class_default", "osm_id": "7865581970"}}, {"type": "Feature", "geometry": {"type": "Point", "coordinates": [78.502711, 30.3317592]}, "properties": {"name": "sain", "population": 250, "place_class": "hamlet", "population_source": "class_default", "osm_id": "7865581971"}}, {"type": "Feature", "geometry": {"type": "Point", "coordinates": [78.5264969, 30.3321157]}, "properties": {"name": "tipri", "population": 250, "place_class": "hamlet", "population_source": "class_default", "osm_id": "7865581972"}}, {"type": "Feature", "geometry": {"type": "Point", "coordinates": [78.5392642, 30.3311109]}, "properties": {"name": "ratoli", "population": 250, "place_class": "hamlet", "population_source": "class_default", "osm_id": "7865581973"}}, {"type": "Feature", "geometry": {"type": "Point", "coordinates": [78.5343933, 30.3423153]}, "properties": {"name": "petab", "population": 250, "place_class": "hamlet", "population_source": "class_default", "osm_id": "7865581975"}}, {"type": "Feature", "geometry": {"type": "Point", "coordinates": [78.5191047, 30.3330556]}, "properties": {"name": "nawakot", "population": 250, "place_class": "hamlet", "population_source": "class_default", "osm_id": "7865581977"}}, {"type": "Feature", "geometry": {"type": "Point", "coordinates": [78.5044277, 30.3370003]}, "properties": {"name": "ragda pipola", "population": 250, "place_class": "hamlet", "population_source": "class_default", "osm_id": "7865581978"}}, {"type": "Feature", "geometry": {"type": "Point", "coordinates": [78.5306382, 30.2525893]}, "properties": {"name": "nagar", "population": 250, "place_class": "hamlet", "population_source": "class_default", "osm_id": "7865636906"}}, {"type": "Feature", "geometry": {"type": "Point", "coordinates": [78.5016596, 30.2511806]}, "properties": {"name": "saingaon", "population": 250, "place_class": "hamlet", "population_source": "class_default", "osm_id": "7865636907"}}, {"type": "Feature", "geometry": {"type": "Point", "coordinates": [78.5049507, 30.2621207]}, "properties": {"name": "pendars", "population": 250, "place_class": "hamlet", "population_source": "class_default", "osm_id": "7865636908"}}, {"type": "Feature", "geometry": {"type": "Point", "coordinates": [78.5365283, 30.2704465]}, "properties": {"name": "saina", "population": 250, "place_class": "hamlet", "population_source": "class_default", "osm_id": "7865636910"}}, {"type": "Feature", "geometry": {"type": "Point", "coordinates": [78.5401547, 30.2807591]}, "properties": {"name": "syuta", "population": 250, "place_class": "hamlet", "population_source": "class_default", "osm_id": "7865636913"}}, {"type": "Feature", "geometry": {"type": "Point", "coordinates": [78.5313302, 30.2805599]}, "properties": {"name": "pichwara", "population": 250, "place_class": "hamlet", "population_source": "class_default", "osm_id": "7865636914"}}, {"type": "Feature", "geometry": {"type": "Point", "coordinates": [78.533299, 30.2836312]}, "properties": {"name": "chaka", "population": 250, "place_class": "hamlet", "population_source": "class_default", "osm_id": "7865636915"}}, {"type": "Feature", "geometry": {"type": "Point", "coordinates": [78.5390389, 30.2870128]}, "properties": {"name": "amilda", "population": 250, "place_class": "hamlet", "population_source": "class_default", "osm_id": "7865636916"}}, {"type": "Feature", "geometry": {"type": "Point", "coordinates": [78.5324728, 30.2878697]}, "properties": {"name": "bhadli", "population": 250, "place_class": "hamlet", "population_source": "class_default", "osm_id": "7865636917"}}, {"type": "Feature", "geometry": {"type": "Point", "coordinates": [78.5228813, 30.2892918]}, "properties": {"name": "jamti", "population": 250, "place_class": "hamlet", "population_source": "class_default", "osm_id": "7865636918"}}, {"type": "Feature", "geometry": {"type": "Point", "coordinates": [78.5191905, 30.2827047]}, "properties": {"name": "dob", "population": 250, "place_class": "hamlet", "population_source": "class_default", "osm_id": "7865636919"}}, {"type": "Feature", "geometry": {"type": "Point", "coordinates": [78.5126567, 30.2914457]}, "properties": {"name": "simlasu", "population": 250, "place_class": "hamlet", "population_source": "class_default", "osm_id": "7865636922"}}, {"type": "Feature", "geometry": {"type": "Point", "coordinates": [78.5588175, 30.3472596]}, "properties": {"name": "gwalka", "population": 250, "place_class": "hamlet", "population_source": "class_default", "osm_id": "7865669010"}}, {"type": "Feature", "geometry": {"type": "Point", "coordinates": [78.5530615, 30.3468522]}, "properties": {"name": "akhorisain", "population": 250, "place_class": "hamlet", "population_source": "class_default", "osm_id": "7865669011"}}, {"type": "Feature", "geometry": {"type": "Point", "coordinates": [78.579846, 30.357976]}, "properties": {"name": "swari", "population": 250, "place_class": "hamlet", "population_source": "class_default", "osm_id": "7865669012"}}, {"type": "Feature", "geometry": {"type": "Point", "coordinates": [78.5615641, 30.3576103]}, "properties": {"name": "chaunthi", "population": 250, "place_class": "hamlet", "population_source": "class_default", "osm_id": "7865669013"}}, {"type": "Feature", "geometry": {"type": "Point", "coordinates": [78.5578787, 30.3560365]}, "properties": {"name": "manthal", "population": 250, "place_class": "hamlet", "population_source": "class_default", "osm_id": "7865669014"}}, {"type": "Feature", "geometry": {"type": "Point", "coordinates": [78.5465491, 30.3584296]}, "properties": {"name": "mathyali", "population": 250, "place_class": "hamlet", "population_source": "class_default", "osm_id": "7865669015"}}, {"type": "Feature", "geometry": {"type": "Point", "coordinates": [78.5762465, 30.3240451]}, "properties": {"name": "nuali", "population": 250, "place_class": "hamlet", "population_source": "class_default", "osm_id": "7865755895"}}, {"type": "Feature", "geometry": {"type": "Point", "coordinates": [78.5705495, 30.3161544]}, "properties": {"name": "kunetha", "population": 250, "place_class": "hamlet", "population_source": "class_default", "osm_id": "7865755896"}}, {"type": "Feature", "geometry": {"type": "Point", "coordinates": [78.577491, 30.2924416]}, "properties": {"name": "paidula", "population": 250, "place_class": "hamlet", "population_source": "class_default", "osm_id": "7865755897"}}, {"type": "Feature", "geometry": {"type": "Point", "coordinates": [78.5559797, 30.2915986]}, "properties": {"name": "pata", "population": 250, "place_class": "hamlet", "population_source": "class_default", "osm_id": "7865755899"}}, {"type": "Feature", "geometry": {"type": "Point", "coordinates": [78.5455942, 30.2944704]}, "properties": {"name": "marora", "population": 250, "place_class": "hamlet", "population_source": "class_default", "osm_id": "7865755900"}}, {"type": "Feature", "geometry": {"type": "Point", "coordinates": [78.5635972, 30.2980739]}, "properties": {"name": "kapholgaon", "population": 250, "place_class": "hamlet", "population_source": "class_default", "osm_id": "7865755901"}}, {"type": "Feature", "geometry": {"type": "Point", "coordinates": [78.5772443, 30.3000563]}, "properties": {"name": "panjanu", "population": 250, "place_class": "hamlet", "population_source": "class_default", "osm_id": "7865755903"}}, {"type": "Feature", "geometry": {"type": "Point", "coordinates": [78.5829735, 30.3022748]}, "properties": {"name": "saina", "population": 250, "place_class": "hamlet", "population_source": "class_default", "osm_id": "7865755904"}}, {"type": "Feature", "geometry": {"type": "Point", "coordinates": [78.5759568, 30.3072258]}, "properties": {"name": "bargaon", "population": 250, "place_class": "hamlet", "population_source": "class_default", "osm_id": "7865755905"}}, {"type": "Feature", "geometry": {"type": "Point", "coordinates": [78.5636133, 30.3029695]}, "properties": {"name": "gansari", "population": 250, "place_class": "hamlet", "population_source": "class_default", "osm_id": "7865755906"}}, {"type": "Feature", "geometry": {"type": "Point", "coordinates": [78.546989, 30.3062254]}, "properties": {"name": "pajyara", "population": 250, "place_class": "hamlet", "population_source": "class_default", "osm_id": "7865755908"}}, {"type": "Feature", "geometry": {"type": "Point", "coordinates": [78.565582, 30.3103379]}, "properties": {"name": "garakot", "population": 250, "place_class": "hamlet", "population_source": "class_default", "osm_id": "7865755909"}}, {"type": "Feature", "geometry": {"type": "Point", "coordinates": [78.5714722, 30.3094117]}, "properties": {"name": "karakot", "population": 250, "place_class": "hamlet", "population_source": "class_default", "osm_id": "7865755910"}}, {"type": "Feature", "geometry": {"type": "Point", "coordinates": [78.580184, 30.3137279]}, "properties": {"name": "moli", "population": 250, "place_class": "hamlet", "population_source": "class_default", "osm_id": "7865755911"}}, {"type": "Feature", "geometry": {"type": "Point", "coordinates": [78.5779524, 30.3093932]}, "properties": {"name": "chadyara", "population": 250, "place_class": "hamlet", "population_source": "class_default", "osm_id": "7865755912"}}, {"type": "Feature", "geometry": {"type": "Point", "coordinates": [78.551774, 30.3151079]}, "properties": {"name": "chaund (jaspur)", "population": 250, "place_class": "hamlet", "population_source": "class_default", "osm_id": "7865755913"}}, {"type": "Feature", "geometry": {"type": "Point", "coordinates": [78.5627335, 30.3179141]}, "properties": {"name": "lantar", "population": 250, "place_class": "hamlet", "population_source": "class_default", "osm_id": "7865755914"}}, {"type": "Feature", "geometry": {"type": "Point", "coordinates": [78.5633612, 30.3216928]}, "properties": {"name": "palkot", "population": 250, "place_class": "hamlet", "population_source": "class_default", "osm_id": "7865755915"}}, {"type": "Feature", "geometry": {"type": "Point", "coordinates": [78.5681677, 30.3240636]}, "properties": {"name": "baunsta", "population": 250, "place_class": "hamlet", "population_source": "class_default", "osm_id": "7865755916"}}, {"type": "Feature", "geometry": {"type": "Point", "coordinates": [78.5699916, 30.3270178]}, "properties": {"name": "bagi", "population": 250, "place_class": "hamlet", "population_source": "class_default", "osm_id": "7865755917"}}, {"type": "Feature", "geometry": {"type": "Point", "coordinates": [78.5630607, 30.3269345]}, "properties": {"name": "saundhar", "population": 250, "place_class": "hamlet", "population_source": "class_default", "osm_id": "7865755918"}}, {"type": "Feature", "geometry": {"type": "Point", "coordinates": [78.5476112, 30.3276568]}, "properties": {"name": "saipal", "population": 250, "place_class": "hamlet", "population_source": "class_default", "osm_id": "7865755919"}}, {"type": "Feature", "geometry": {"type": "Point", "coordinates": [78.5414636, 30.3214335]}, "properties": {"name": "khand", "population": 250, "place_class": "hamlet", "population_source": "class_default", "osm_id": "7865755920"}}, {"type": "Feature", "geometry": {"type": "Point", "coordinates": [78.5495746, 30.324147]}, "properties": {"name": "matkhani", "population": 250, "place_class": "hamlet", "population_source": "class_default", "osm_id": "7865755922"}}, {"type": "Feature", "geometry": {"type": "Point", "coordinates": [78.5588068, 30.3282402]}, "properties": {"name": "jelam", "population": 250, "place_class": "hamlet", "population_source": "class_default", "osm_id": "7865755923"}}, {"type": "Feature", "geometry": {"type": "Point", "coordinates": [78.556205, 30.3306016]}, "properties": {"name": "khandogi", "population": 250, "place_class": "hamlet", "population_source": "class_default", "osm_id": "7865755924"}}, {"type": "Feature", "geometry": {"type": "Point", "coordinates": [78.571794, 30.3376578]}, "properties": {"name": "molkhali", "population": 250, "place_class": "hamlet", "population_source": "class_default", "osm_id": "7865755927"}}, {"type": "Feature", "geometry": {"type": "Point", "coordinates": [78.576504, 30.2843909]}, "properties": {"name": "shrikot", "population": 250, "place_class": "hamlet", "population_source": "class_default", "osm_id": "7865773087"}}, {"type": "Feature", "geometry": {"type": "Point", "coordinates": [78.5829735, 30.2567134]}, "properties": {"name": "malu maruda", "population": 250, "place_class": "hamlet", "population_source": "class_default", "osm_id": "7865773088"}}, {"type": "Feature", "geometry": {"type": "Point", "coordinates": [78.5709357, 30.2525708]}, "properties": {"name": "khudoli malli", "population": 250, "place_class": "hamlet", "population_source": "class_default", "osm_id": "7865773089"}}, {"type": "Feature", "geometry": {"type": "Point", "coordinates": [78.5690582, 30.2608835]}, "properties": {"name": "rikhwani", "population": 250, "place_class": "hamlet", "population_source": "class_default", "osm_id": "7865773090"}}, {"type": "Feature", "geometry": {"type": "Point", "coordinates": [78.5458624, 30.2645902]}, "properties": {"name": "bagi", "population": 250, "place_class": "hamlet", "population_source": "class_default", "osm_id": "7865773093"}}, {"type": "Feature", "geometry": {"type": "Point", "coordinates": [78.5427886, 30.2674675]}, "properties": {"name": "khon", "population": 250, "place_class": "hamlet", "population_source": "class_default", "osm_id": "7865773094"}}, {"type": "Feature", "geometry": {"type": "Point", "coordinates": [78.5533726, 30.263089]}, "properties": {"name": "nandoli", "population": 250, "place_class": "hamlet", "population_source": "class_default", "osm_id": "7865773095"}}, {"type": "Feature", "geometry": {"type": "Point", "coordinates": [78.5541773, 30.276599]}, "properties": {"name": "jogdhar", "population": 250, "place_class": "hamlet", "population_source": "class_default", "osm_id": "7865773096"}}, {"type": "Feature", "geometry": {"type": "Point", "coordinates": [78.5431373, 30.2747829]}, "properties": {"name": "dasholi", "population": 250, "place_class": "hamlet", "population_source": "class_default", "osm_id": "7865773097"}}, {"type": "Feature", "geometry": {"type": "Point", "coordinates": [78.5580075, 30.2833347]}, "properties": {"name": "kumrata", "population": 250, "place_class": "hamlet", "population_source": "class_default", "osm_id": "7865773098"}}, {"type": "Feature", "geometry": {"type": "Point", "coordinates": [78.5495209, 30.2834737]}, "properties": {"name": "singoli", "population": 250, "place_class": "hamlet", "population_source": "class_default", "osm_id": "7865773100"}}, {"type": "Feature", "geometry": {"type": "Point", "coordinates": [78.5971141, 30.3491483]}, "properties": {"name": "negyana", "population": 250, "place_class": "hamlet", "population_source": "class_default", "osm_id": "7865779860"}}, {"type": "Feature", "geometry": {"type": "Point", "coordinates": [78.5936379, 30.3535461]}, "properties": {"name": "juili", "population": 250, "place_class": "hamlet", "population_source": "class_default", "osm_id": "7865779861"}}, {"type": "Feature", "geometry": {"type": "Point", "coordinates": [78.5931283, 30.383487]}, "properties": {"name": "asena", "population": 250, "place_class": "hamlet", "population_source": "class_default", "osm_id": "7865779863"}}, {"type": "Feature", "geometry": {"type": "Point", "coordinates": [78.5837567, 30.2914874]}, "properties": {"name": "malda", "population": 250, "place_class": "hamlet", "population_source": "class_default", "osm_id": "7865789490"}}, {"type": "Feature", "geometry": {"type": "Point", "coordinates": [78.5988307, 30.2959155]}, "properties": {"name": "karans", "population": 250, "place_class": "hamlet", "population_source": "class_default", "osm_id": "7865789491"}}, {"type": "Feature", "geometry": {"type": "Point", "coordinates": [78.5970712, 30.299343]}, "properties": {"name": "kaphulna", "population": 250, "place_class": "hamlet", "population_source": "class_default", "osm_id": "7865789492"}}, {"type": "Feature", "geometry": {"type": "Point", "coordinates": [78.5908162, 30.3019274]}, "properties": {"name": "bainsoli", "population": 250, "place_class": "hamlet", "population_source": "class_default", "osm_id": "7865789493"}}, {"type": "Feature", "geometry": {"type": "Point", "coordinates": [78.6044633, 30.3013253]}, "properties": {"name": "andreti", "population": 250, "place_class": "hamlet", "population_source": "class_default", "osm_id": "7865789494"}}, {"type": "Feature", "geometry": {"type": "Point", "coordinates": [78.5992598, 30.3068923]}, "properties": {"name": "kaintholi", "population": 250, "place_class": "hamlet", "population_source": "class_default", "osm_id": "7865789496"}}, {"type": "Feature", "geometry": {"type": "Point", "coordinates": [78.5855055, 30.3121255]}, "properties": {"name": "dasholi", "population": 250, "place_class": "hamlet", "population_source": "class_default", "osm_id": "7865789497"}}, {"type": "Feature", "geometry": {"type": "Point", "coordinates": [78.5879731, 30.3106621]}, "properties": {"name": "kalana", "population": 250, "place_class": "hamlet", "population_source": "class_default", "osm_id": "7865789498"}}, {"type": "Feature", "geometry": {"type": "Point", "coordinates": [78.5922003, 30.3127739]}, "properties": {"name": "migwali", "population": 250, "place_class": "hamlet", "population_source": "class_default", "osm_id": "7865789499"}}, {"type": "Feature", "geometry": {"type": "Point", "coordinates": [78.6177671, 30.2705855]}, "properties": {"name": "jogyana", "population": 250, "place_class": "hamlet", "population_source": "class_default", "osm_id": "7865803520"}}, {"type": "Feature", "geometry": {"type": "Point", "coordinates": [78.5902798, 30.2531083]}, "properties": {"name": "sirmauli", "population": 250, "place_class": "hamlet", "population_source": "class_default", "osm_id": "7865803524"}}, {"type": "Feature", "geometry": {"type": "Point", "coordinates": [78.5991311, 30.2604017]}, "properties": {"name": "jarola", "population": 250, "place_class": "hamlet", "population_source": "class_default", "osm_id": "7865803527"}}, {"type": "Feature", "geometry": {"type": "Point", "coordinates": [78.5949683, 30.2722256]}, "properties": {"name": "kandi", "population": 250, "place_class": "hamlet", "population_source": "class_default", "osm_id": "7865803528"}}, {"type": "Feature", "geometry": {"type": "Point", "coordinates": [78.589797, 30.2676111]}, "properties": {"name": "kashigaon", "population": 250, "place_class": "hamlet", "population_source": "class_default", "osm_id": "7865803529"}}, {"type": "Feature", "geometry": {"type": "Point", "coordinates": [78.5845077, 30.2721237]}, "properties": {"name": "panchur", "population": 250, "place_class": "hamlet", "population_source": "class_default", "osm_id": "7865803530"}}, {"type": "Feature", "geometry": {"type": "Point", "coordinates": [78.5885954, 30.2791377]}, "properties": {"name": "dharun", "population": 250, "place_class": "hamlet", "population_source": "class_default", "osm_id": "7865803532"}}, {"type": "Feature", "geometry": {"type": "Point", "coordinates": [78.5934985, 30.2843631]}, "properties": {"name": "raurdhar", "population": 250, "place_class": "hamlet", "population_source": "class_default", "osm_id": "7865803533"}}, {"type": "Feature", "geometry": {"type": "Point", "coordinates": [78.4409666, 30.2963509]}, "properties": {"name": "Kalnchh", "population": 250, "place_class": "hamlet", "population_source": "class_default", "osm_id": "7872911826"}}, {"type": "Feature", "geometry": {"type": "Point", "coordinates": [78.416419, 30.348491]}, "properties": {"name": "Basuglbagi", "population": 250, "place_class": "hamlet", "population_source": "class_default", "osm_id": "7872911832"}}, {"type": "Feature", "geometry": {"type": "Point", "coordinates": [78.4176116, 30.353233]}, "properties": {"name": "Bhurabagi", "population": 250, "place_class": "hamlet", "population_source": "class_default", "osm_id": "7872911833"}}, {"type": "Feature", "geometry": {"type": "Point", "coordinates": [78.4252381, 30.3521758]}, "properties": {"name": "Batykhem", "population": 250, "place_class": "hamlet", "population_source": "class_default", "osm_id": "7872911834"}}, {"type": "Feature", "geometry": {"type": "Point", "coordinates": [78.417921, 30.3362688]}, "properties": {"name": "Saundkoti", "population": 250, "place_class": "hamlet", "population_source": "class_default", "osm_id": "7872911838"}}, {"type": "Feature", "geometry": {"type": "Point", "coordinates": [78.4403014, 30.3293793]}, "properties": {"name": "Chamdi", "population": 250, "place_class": "hamlet", "population_source": "class_default", "osm_id": "7872911839"}}, {"type": "Feature", "geometry": {"type": "Point", "coordinates": [78.4469318, 30.3354539]}, "properties": {"name": "Bhaun", "population": 250, "place_class": "hamlet", "population_source": "class_default", "osm_id": "7872911841"}}, {"type": "Feature", "geometry": {"type": "Point", "coordinates": [78.4468889, 30.3343057]}, "properties": {"name": "Koldhar", "population": 250, "place_class": "hamlet", "population_source": "class_default", "osm_id": "7872911843"}}, {"type": "Feature", "geometry": {"type": "Point", "coordinates": [78.4680461, 30.3405097]}, "properties": {"name": "Sagwangaon", "population": 250, "place_class": "hamlet", "population_source": "class_default", "osm_id": "7872911845"}}, {"type": "Feature", "geometry": {"type": "Point", "coordinates": [78.4596347, 30.3445467]}, "properties": {"name": "Lawadhar", "population": 250, "place_class": "hamlet", "population_source": "class_default", "osm_id": "7872911846"}}, {"type": "Feature", "geometry": {"type": "Point", "coordinates": [78.4580469, 30.350139]}, "properties": {"name": "Gyansu", "population": 250, "place_class": "hamlet", "population_source": "class_default", "osm_id": "7872911847"}}, {"type": "Feature", "geometry": {"type": "Point", "coordinates": [78.4653854, 30.355231]}, "properties": {"name": "pata", "population": 250, "place_class": "hamlet", "population_source": "class_default", "osm_id": "7872911848"}}, {"type": "Feature", "geometry": {"type": "Point", "coordinates": [78.467617, 30.3593785]}, "properties": {"name": "Bhotkoti", "population": 250, "place_class": "hamlet", "population_source": "class_default", "osm_id": "7872911849"}}, {"type": "Feature", "geometry": {"type": "Point", "coordinates": [78.4387564, 30.358101]}, "properties": {"name": "Pasi", "population": 250, "place_class": "hamlet", "population_source": "class_default", "osm_id": "7872911850"}}, {"type": "Feature", "geometry": {"type": "Point", "coordinates": [78.4256243, 30.3622298]}, "properties": {"name": "Chawaikher", "population": 250, "place_class": "hamlet", "population_source": "class_default", "osm_id": "7872911851"}}, {"type": "Feature", "geometry": {"type": "Point", "coordinates": [78.4334564, 30.3665807]}, "properties": {"name": "Budogi", "population": 250, "place_class": "hamlet", "population_source": "class_default", "osm_id": "7872911852"}}, {"type": "Feature", "geometry": {"type": "Point", "coordinates": [78.4431552, 30.3660994]}, "properties": {"name": "Pangar", "population": 250, "place_class": "hamlet", "population_source": "class_default", "osm_id": "7872911853"}}, {"type": "Feature", "geometry": {"type": "Point", "coordinates": [78.4510517, 30.3684321]}, "properties": {"name": "Bhaintogi", "population": 250, "place_class": "hamlet", "population_source": "class_default", "osm_id": "7872911854"}}, {"type": "Feature", "geometry": {"type": "Point", "coordinates": [78.4568452, 30.36173]}, "properties": {"name": "Balma", "population": 250, "place_class": "hamlet", "population_source": "class_default", "osm_id": "7872911855"}}, {"type": "Feature", "geometry": {"type": "Point", "coordinates": [78.4238863, 30.3409912]}, "properties": {"name": "badongaon", "population": 250, "place_class": "hamlet", "population_source": "class_default", "osm_id": "7872911856"}}, {"type": "Feature", "geometry": {"type": "Point", "coordinates": [78.4304952, 30.3452134]}, "properties": {"name": "Lamkot", "population": 250, "place_class": "hamlet", "population_source": "class_default", "osm_id": "7872911857"}}, {"type": "Feature", "geometry": {"type": "Point", "coordinates": [78.4350013, 30.3372504]}, "properties": {"name": "Kemwaigaon", "population": 250, "place_class": "hamlet", "population_source": "class_default", "osm_id": "7872911858"}}, {"type": "Feature", "geometry": {"type": "Point", "coordinates": [78.4293151, 30.3270271]}, "properties": {"name": "Samalta", "population": 250, "place_class": "hamlet", "population_source": "class_default", "osm_id": "7872911859"}}, {"type": "Feature", "geometry": {"type": "Point", "coordinates": [78.4148097, 30.2773402]}, "properties": {"name": "Toli", "population": 250, "place_class": "hamlet", "population_source": "class_default", "osm_id": "7872911862"}}, {"type": "Feature", "geometry": {"type": "Point", "coordinates": [78.4191441, 30.3195442]}, "properties": {"name": "Dagri", "population": 250, "place_class": "hamlet", "population_source": "class_default", "osm_id": "7872911876"}}, {"type": "Feature", "geometry": {"type": "Point", "coordinates": [78.4201097, 30.314617]}, "properties": {"name": "Vid", "population": 250, "place_class": "hamlet", "population_source": "class_default", "osm_id": "7872911877"}}, {"type": "Feature", "geometry": {"type": "Point", "coordinates": [78.4476399, 30.3213409]}, "properties": {"name": "Dowsara", "population": 250, "place_class": "hamlet", "population_source": "class_default", "osm_id": "7872911879"}}, {"type": "Feature", "geometry": {"type": "Point", "coordinates": [78.4330272, 30.3194701]}, "properties": {"name": "palli", "population": 250, "place_class": "hamlet", "population_source": "class_default", "osm_id": "7872911880"}}, {"type": "Feature", "geometry": {"type": "Point", "coordinates": [78.4375333, 30.2869387]}, "properties": {"name": "drgothi", "population": 250, "place_class": "hamlet", "population_source": "class_default", "osm_id": "7872911881"}}, {"type": "Feature", "geometry": {"type": "Point", "coordinates": [78.4258604, 30.2927751]}, "properties": {"name": "mamooya ka Paur", "population": 250, "place_class": "hamlet", "population_source": "class_default", "osm_id": "7872911882"}}, {"type": "Feature", "geometry": {"type": "Point", "coordinates": [78.4541416, 30.3052065]}, "properties": {"name": "Mathyasan", "population": 250, "place_class": "hamlet", "population_source": "class_default", "osm_id": "7872921386"}}, {"type": "Feature", "geometry": {"type": "Point", "coordinates": [78.4555149, 30.2932013]}, "properties": {"name": "Tingri", "population": 250, "place_class": "hamlet", "population_source": "class_default", "osm_id": "7872921387"}}, {"type": "Feature", "geometry": {"type": "Point", "coordinates": [78.4586477, 30.295017]}, "properties": {"name": "jagathi", "population": 250, "place_class": "hamlet", "population_source": "class_default", "osm_id": "7872921388"}}, {"type": "Feature", "geometry": {"type": "Point", "coordinates": [78.4555149, 30.3009085]}, "properties": {"name": "khandkari", "population": 250, "place_class": "hamlet", "population_source": "class_default", "osm_id": "7872921389"}}, {"type": "Feature", "geometry": {"type": "Point", "coordinates": [78.4618449, 30.3072258]}, "properties": {"name": "Koti math", "population": 250, "place_class": "hamlet", "population_source": "class_default", "osm_id": "7872921390"}}, {"type": "Feature", "geometry": {"type": "Point", "coordinates": [78.4596347, 30.3182105]}, "properties": {"name": "Tungoli", "population": 250, "place_class": "hamlet", "population_source": "class_default", "osm_id": "7872921391"}}, {"type": "Feature", "geometry": {"type": "Point", "coordinates": [78.4599781, 30.3048731]}, "properties": {"name": "Khal", "population": 250, "place_class": "hamlet", "population_source": "class_default", "osm_id": "7872921392"}}, {"type": "Feature", "geometry": {"type": "Point", "coordinates": [78.4626817, 30.3112456]}, "properties": {"name": "Ramolgaon", "population": 250, "place_class": "hamlet", "population_source": "class_default", "osm_id": "7872921393"}}, {"type": "Feature", "geometry": {"type": "Point", "coordinates": [78.4632396, 30.3237673]}, "properties": {"name": "Manda", "population": 250, "place_class": "hamlet", "population_source": "class_default", "osm_id": "7872921394"}}, {"type": "Feature", "geometry": {"type": "Point", "coordinates": [78.4744834, 30.316136]}, "properties": {"name": "Chhati", "population": 250, "place_class": "hamlet", "population_source": "class_default", "osm_id": "7872921395"}}, {"type": "Feature", "geometry": {"type": "Point", "coordinates": [78.4690332, 30.3105047]}, "properties": {"name": "Bhalli", "population": 250, "place_class": "hamlet", "population_source": "class_default", "osm_id": "7872921396"}}, {"type": "Feature", "geometry": {"type": "Point", "coordinates": [78.471651, 30.3059846]}, "properties": {"name": "Bajaber", "population": 250, "place_class": "hamlet", "population_source": "class_default", "osm_id": "7872921397"}}, {"type": "Feature", "geometry": {"type": "Point", "coordinates": [78.4873151, 30.3060587]}, "properties": {"name": "Palam", "population": 250, "place_class": "hamlet", "population_source": "class_default", "osm_id": "7872921400"}}, {"type": "Feature", "geometry": {"type": "Point", "coordinates": [78.4831953, 30.3112086]}, "properties": {"name": "dandeli", "population": 250, "place_class": "hamlet", "population_source": "class_default", "osm_id": "7872921401"}}, {"type": "Feature", "geometry": {"type": "Point", "coordinates": [78.4842681, 30.3228041]}, "properties": {"name": "danderi", "population": 250, "place_class": "hamlet", "population_source": "class_default", "osm_id": "7872921402"}}, {"type": "Feature", "geometry": {"type": "Point", "coordinates": [78.4856414, 30.3274716]}, "properties": {"name": "Kyari", "population": 250, "place_class": "hamlet", "population_source": "class_default", "osm_id": "7872921403"}}, {"type": "Feature", "geometry": {"type": "Point", "coordinates": [78.4826803, 30.3343983]}, "properties": {"name": "Dobra", "population": 250, "place_class": "hamlet", "population_source": "class_default", "osm_id": "7872921404"}}, {"type": "Feature", "geometry": {"type": "Point", "coordinates": [78.4877014, 30.3432875]}, "properties": {"name": "Chopra", "population": 250, "place_class": "hamlet", "population_source": "class_default", "osm_id": "7872921405"}}, {"type": "Feature", "geometry": {"type": "Point", "coordinates": [78.4762001, 30.3476577]}, "properties": {"name": "Marh", "population": 250, "place_class": "hamlet", "population_source": "class_default", "osm_id": "7872921406"}}, {"type": "Feature", "geometry": {"type": "Point", "coordinates": [78.4906411, 30.3491206]}, "properties": {"name": "Gargad", "population": 250, "place_class": "hamlet", "population_source": "class_default", "osm_id": "7872921407"}}, {"type": "Feature", "geometry": {"type": "Point", "coordinates": [78.436954, 30.3916082]}, "properties": {"name": "Godmu", "population": 250, "place_class": "hamlet", "population_source": "class_default", "osm_id": "7872921409"}}, {"type": "Feature", "geometry": {"type": "Point", "coordinates": [78.4900832, 30.3638961]}, "properties": {"name": "Doosari", "population": 250, "place_class": "hamlet", "population_source": "class_default", "osm_id": "7872921411"}}, {"type": "Feature", "geometry": {"type": "Point", "coordinates": [78.4868645, 30.2772846]}, "properties": {"name": "Kulpi", "population": 250, "place_class": "hamlet", "population_source": "class_default", "osm_id": "7873054406"}}, {"type": "Feature", "geometry": {"type": "Point", "coordinates": [78.4718227, 30.2778776]}, "properties": {"name": "kundakhet", "population": 250, "place_class": "hamlet", "population_source": "class_default", "osm_id": "7873054407"}}, {"type": "Feature", "geometry": {"type": "Point", "coordinates": [78.4775734, 30.2763952]}, "properties": {"name": "Kurgoli", "population": 250, "place_class": "hamlet", "population_source": "class_default", "osm_id": "7873054408"}}, {"type": "Feature", "geometry": {"type": "Point", "coordinates": [78.4477258, 30.3574622]}, "properties": {"name": "gwar", "population": 250, "place_class": "hamlet", "population_source": "class_default", "osm_id": "7873054420"}}, {"type": "Feature", "geometry": {"type": "Point", "coordinates": [78.4398722, 30.3530091]}, "properties": {"name": "Kandakhali", "population": 250, "place_class": "hamlet", "population_source": "class_default", "osm_id": "7873054421"}}, {"type": "Feature", "geometry": {"type": "Point", "coordinates": [78.4222555, 30.268964]}, "properties": {"name": "Gaja", "population": 250, "place_class": "hamlet", "population_source": "class_default", "osm_id": "7873054444"}}, {"type": "Feature", "geometry": {"type": "Point", "coordinates": [78.4419215, 30.2637841]}, "properties": {"name": "Kirthwalgaon", "population": 250, "place_class": "hamlet", "population_source": "class_default", "osm_id": "7873054452"}}, {"type": "Feature", "geometry": {"type": "Point", "coordinates": [78.4488201, 30.2642937]}, "properties": {"name": "Birmangaon", "population": 250, "place_class": "hamlet", "population_source": "class_default", "osm_id": "7873054453"}}, {"type": "Feature", "geometry": {"type": "Point", "coordinates": [78.4374046, 30.2741158]}, "properties": {"name": "Dubakoti", "population": 250, "place_class": "hamlet", "population_source": "class_default", "osm_id": "7873054454"}}, {"type": "Feature", "geometry": {"type": "Point", "coordinates": [78.4423828, 30.2774885]}, "properties": {"name": "Chaurkhet", "population": 250, "place_class": "hamlet", "population_source": "class_default", "osm_id": "7873054455"}}, {"type": "Feature", "geometry": {"type": "Point", "coordinates": [78.4403872, 30.2700574]}, "properties": {"name": "virogi", "population": 250, "place_class": "hamlet", "population_source": "class_default", "osm_id": "7873054456"}}, {"type": "Feature", "geometry": {"type": "Point", "coordinates": [78.4605682, 30.2665177]}, "properties": {"name": "Barsurgaon", "population": 250, "place_class": "hamlet", "population_source": "class_default", "osm_id": "7873054457"}}, {"type": "Feature", "geometry": {"type": "Point", "coordinates": [78.456223, 30.2662582]}, "properties": {"name": "Bagid", "population": 250, "place_class": "hamlet", "population_source": "class_default", "osm_id": "7873054458"}}, {"type": "Feature", "geometry": {"type": "Point", "coordinates": [78.4540557, 30.2788968]}, "properties": {"name": "Chargaon", "population": 250, "place_class": "hamlet", "population_source": "class_default", "osm_id": "7873054459"}}, {"type": "Feature", "geometry": {"type": "Point", "coordinates": [78.4749984, 30.2886433]}, "properties": {"name": "Phipalti", "population": 250, "place_class": "hamlet", "population_source": "class_default", "osm_id": "7873054463"}}, {"type": "Feature", "geometry": {"type": "Point", "coordinates": [78.4637975, 30.2714473]}, "properties": {"name": "kathur", "population": 250, "place_class": "hamlet", "population_source": "class_default", "osm_id": "7873054464"}}, {"type": "Feature", "geometry": {"type": "Point", "coordinates": [78.4850835, 30.2668884]}, "properties": {"name": "Pavalgaon", "population": 250, "place_class": "hamlet", "population_source": "class_default", "osm_id": "7873054465"}}, {"type": "Feature", "geometry": {"type": "Point", "coordinates": [78.4763717, 30.2694088]}, "properties": {"name": "Chamogi", "population": 250, "place_class": "hamlet", "population_source": "class_default", "osm_id": "7873054466"}}, {"type": "Feature", "geometry": {"type": "Point", "coordinates": [78.4757709, 30.2632744]}, "properties": {"name": "Khand", "population": 250, "place_class": "hamlet", "population_source": "class_default", "osm_id": "7873054467"}}, {"type": "Feature", "geometry": {"type": "Point", "coordinates": [78.4877229, 30.2568246]}, "properties": {"name": "Sauntilgaon", "population": 250, "place_class": "hamlet", "population_source": "class_default", "osm_id": "7873054468"}}, {"type": "Feature", "geometry": {"type": "Point", "coordinates": [78.4868002, 30.2543038]}, "properties": {"name": "mangaon", "population": 250, "place_class": "hamlet", "population_source": "class_default", "osm_id": "7873054469"}}, {"type": "Feature", "geometry": {"type": "Point", "coordinates": [78.4808779, 30.2513752]}, "properties": {"name": "Samnarkhoti", "population": 250, "place_class": "hamlet", "population_source": "class_default", "osm_id": "7873054470"}}, {"type": "Feature", "geometry": {"type": "Point", "coordinates": [78.4587014, 30.2575937]}, "properties": {"name": "Dandeli", "population": 250, "place_class": "hamlet", "population_source": "class_default", "osm_id": "7873054471"}}, {"type": "Feature", "geometry": {"type": "Point", "coordinates": [78.4606218, 30.2487987]}, "properties": {"name": "Palogi", "population": 250, "place_class": "hamlet", "population_source": "class_default", "osm_id": "7873054472"}}, {"type": "Feature", "geometry": {"type": "Point", "coordinates": [78.4550428, 30.2506153]}, "properties": {"name": "Bamangaon", "population": 250, "place_class": "hamlet", "population_source": "class_default", "osm_id": "7873054473"}}, {"type": "Feature", "geometry": {"type": "Point", "coordinates": [78.4503934, 30.2537035]}, "properties": {"name": "Andarphiogaon", "population": 250, "place_class": "hamlet", "population_source": "class_default", "osm_id": "7873054474"}}, {"type": "Feature", "geometry": {"type": "Point", "coordinates": [78.4444427, 30.2532288]}, "properties": {"name": "Bhatoni", "population": 250, "place_class": "hamlet", "population_source": "class_default", "osm_id": "7873054475"}}, {"type": "Feature", "geometry": {"type": "Point", "coordinates": [78.4395718, 30.2503928]}, "properties": {"name": "Dabara", "population": 250, "place_class": "hamlet", "population_source": "class_default", "osm_id": "7873054476"}}, {"type": "Feature", "geometry": {"type": "Point", "coordinates": [78.4324908, 30.2594564]}, "properties": {"name": "Bhali", "population": 250, "place_class": "hamlet", "population_source": "class_default", "osm_id": "7873054478"}}, {"type": "Feature", "geometry": {"type": "Point", "coordinates": [78.4300446, 30.2629779]}, "properties": {"name": "Pali", "population": 250, "place_class": "hamlet", "population_source": "class_default", "osm_id": "7873054479"}}, {"type": "Feature", "geometry": {"type": "Point", "coordinates": [78.4222126, 30.2632929]}, "properties": {"name": "Gaunsan", "population": 250, "place_class": "hamlet", "population_source": "class_default", "osm_id": "7873054480"}}, {"type": "Feature", "geometry": {"type": "Point", "coordinates": [78.421247, 30.2586965]}, "properties": {"name": "Jaikot", "population": 250, "place_class": "hamlet", "population_source": "class_default", "osm_id": "7873054481"}}, {"type": "Feature", "geometry": {"type": "Point", "coordinates": [78.4225988, 30.2083817]}, "properties": {"name": "Pyanthali", "population": 250, "place_class": "hamlet", "population_source": "class_default", "osm_id": "7886507852"}}, {"type": "Feature", "geometry": {"type": "Point", "coordinates": [78.4421897, 30.2323465]}, "properties": {"name": "Gogani", "population": 250, "place_class": "hamlet", "population_source": "class_default", "osm_id": "7886507859"}}, {"type": "Feature", "geometry": {"type": "Point", "coordinates": [78.4221267, 30.2484651]}, "properties": {"name": "Phalsari", "population": 250, "place_class": "hamlet", "population_source": "class_default", "osm_id": "7886507861"}}, {"type": "Feature", "geometry": {"type": "Point", "coordinates": [78.4169984, 30.2391595]}, "properties": {"name": "Chhidwan", "population": 250, "place_class": "hamlet", "population_source": "class_default", "osm_id": "7886507862"}}, {"type": "Feature", "geometry": {"type": "Point", "coordinates": [78.4415459, 30.2448134]}, "properties": {"name": "Chauri", "population": 250, "place_class": "hamlet", "population_source": "class_default", "osm_id": "7886507864"}}, {"type": "Feature", "geometry": {"type": "Point", "coordinates": [78.4451723, 30.2420143]}, "properties": {"name": "Lawabdara", "population": 250, "place_class": "hamlet", "population_source": "class_default", "osm_id": "7886507865"}}, {"type": "Feature", "geometry": {"type": "Point", "coordinates": [78.4508371, 30.2480758]}, "properties": {"name": "Kandarigaon", "population": 250, "place_class": "hamlet", "population_source": "class_default", "osm_id": "7886507866"}}, {"type": "Feature", "geometry": {"type": "Point", "coordinates": [78.456223, 30.2431636]}, "properties": {"name": "Thanyul", "population": 250, "place_class": "hamlet", "population_source": "class_default", "osm_id": "7886507867"}}, {"type": "Feature", "geometry": {"type": "Point", "coordinates": [78.4697413, 30.2406054]}, "properties": {"name": "Amsari", "population": 250, "place_class": "hamlet", "population_source": "class_default", "osm_id": "7886507868"}}, {"type": "Feature", "geometry": {"type": "Point", "coordinates": [78.4658146, 30.2423109]}, "properties": {"name": "Maldhar", "population": 250, "place_class": "hamlet", "population_source": "class_default", "osm_id": "7886507869"}}, {"type": "Feature", "geometry": {"type": "Point", "coordinates": [78.4723592, 30.2466856]}, "properties": {"name": "Kot", "population": 250, "place_class": "hamlet", "population_source": "class_default", "osm_id": "7886507870"}}, {"type": "Feature", "geometry": {"type": "Point", "coordinates": [78.4790325, 30.2436826]}, "properties": {"name": "Payalgaon", "population": 250, "place_class": "hamlet", "population_source": "class_default", "osm_id": "7886507871"}}, {"type": "Feature", "geometry": {"type": "Point", "coordinates": [78.4791827, 30.2314752]}, "properties": {"name": "Banatu Ka Gaon", "population": 250, "place_class": "hamlet", "population_source": "class_default", "osm_id": "7886507872"}}, {"type": "Feature", "geometry": {"type": "Point", "coordinates": [78.4827447, 30.2296027]}, "properties": {"name": "Goni Ka Marara", "population": 250, "place_class": "hamlet", "population_source": "class_default", "osm_id": "7886507873"}}, {"type": "Feature", "geometry": {"type": "Point", "coordinates": [78.4853732, 30.237491]}, "properties": {"name": "Gumalgaon", "population": 250, "place_class": "hamlet", "population_source": "class_default", "osm_id": "7886507874"}}, {"type": "Feature", "geometry": {"type": "Point", "coordinates": [78.4923792, 30.2378247]}, "properties": {"name": "Lawgaon", "population": 250, "place_class": "hamlet", "population_source": "class_default", "osm_id": "7886507875"}}, {"type": "Feature", "geometry": {"type": "Point", "coordinates": [78.4922719, 30.2339873]}, "properties": {"name": "Kirara", "population": 250, "place_class": "hamlet", "population_source": "class_default", "osm_id": "7886507876"}}, {"type": "Feature", "geometry": {"type": "Point", "coordinates": [78.4876799, 30.2257742]}, "properties": {"name": "Kemsur", "population": 250, "place_class": "hamlet", "population_source": "class_default", "osm_id": "7886507877"}}, {"type": "Feature", "geometry": {"type": "Point", "coordinates": [78.4927869, 30.227999]}, "properties": {"name": "Saundari", "population": 250, "place_class": "hamlet", "population_source": "class_default", "osm_id": "7886507878"}}, {"type": "Feature", "geometry": {"type": "Point", "coordinates": [78.4349155, 30.1668906]}, "properties": {"name": "Sain", "population": 250, "place_class": "hamlet", "population_source": "class_default", "osm_id": "7886624336"}}, {"type": "Feature", "geometry": {"type": "Point", "coordinates": [78.4156036, 30.1662413]}, "properties": {"name": "Khaneti", "population": 250, "place_class": "hamlet", "population_source": "class_default", "osm_id": "7886624340"}}, {"type": "Feature", "geometry": {"type": "Point", "coordinates": [78.4671879, 30.2043576]}, "properties": {"name": "Chhar Gad", "population": 250, "place_class": "hamlet", "population_source": "class_default", "osm_id": "7886624384"}}, {"type": "Feature", "geometry": {"type": "Point", "coordinates": [78.46457, 30.1927666]}, "properties": {"name": "Pangad", "population": 250, "place_class": "hamlet", "population_source": "class_default", "osm_id": "7886655685"}}, {"type": "Feature", "geometry": {"type": "Point", "coordinates": [78.4612441, 30.1957155]}, "properties": {"name": "Kotar", "population": 250, "place_class": "hamlet", "population_source": "class_default", "osm_id": "7886655686"}}, {"type": "Feature", "geometry": {"type": "Point", "coordinates": [78.4508264, 30.1876105]}, "properties": {"name": "Sainbhagenti", "population": 250, "place_class": "hamlet", "population_source": "class_default", "osm_id": "7886655687"}}, {"type": "Feature", "geometry": {"type": "Point", "coordinates": [78.4625959, 30.1868129]}, "properties": {"name": "Bhangla", "population": 250, "place_class": "hamlet", "population_source": "class_default", "osm_id": "7886655688"}}, {"type": "Feature", "geometry": {"type": "Point", "coordinates": [78.4567594, 30.1851436]}, "properties": {"name": "Gheradhar", "population": 250, "place_class": "hamlet", "population_source": "class_default", "osm_id": "7886655689"}}, {"type": "Feature", "geometry": {"type": "Point", "coordinates": [78.4570598, 30.1719736]}, "properties": {"name": "Kakhur", "population": 250, "place_class": "hamlet", "population_source": "class_default", "osm_id": "7886655690"}}, {"type": "Feature", "geometry": {"type": "Point", "coordinates": [78.4442925, 30.1766668]}, "properties": {"name": "Patia", "population": 250, "place_class": "hamlet", "population_source": "class_default", "osm_id": "7886655691"}}, {"type": "Feature", "geometry": {"type": "Point", "coordinates": [78.4372115, 30.1830662]}, "properties": {"name": "Amari", "population": 250, "place_class": "hamlet", "population_source": "class_default", "osm_id": "7886655692"}}, {"type": "Feature", "geometry": {"type": "Point", "coordinates": [78.4414387, 30.1865718]}, "properties": {"name": "Mathesera", "population": 250, "place_class": "hamlet", "population_source": "class_default", "osm_id": "7886655693"}}, {"type": "Feature", "geometry": {"type": "Point", "coordinates": [78.439368, 30.1910325]}, "properties": {"name": "Tilban", "population": 250, "place_class": "hamlet", "population_source": "class_default", "osm_id": "7886655694"}}, {"type": "Feature", "geometry": {"type": "Point", "coordinates": [78.4186506, 30.1867388]}, "properties": {"name": "Manjyari", "population": 250, "place_class": "hamlet", "population_source": "class_default", "osm_id": "7886655697"}}, {"type": "Feature", "geometry": {"type": "Point", "coordinates": [78.4250986, 30.1917743]}, "properties": {"name": "Katal", "population": 250, "place_class": "hamlet", "population_source": "class_default", "osm_id": "7886655698"}}, {"type": "Feature", "geometry": {"type": "Point", "coordinates": [78.417685, 30.1997399]}, "properties": {"name": "Kundaliya", "population": 250, "place_class": "hamlet", "population_source": "class_default", "osm_id": "7886655699"}}, {"type": "Feature", "geometry": {"type": "Point", "coordinates": [78.4234142, 30.195122]}, "properties": {"name": "Mathyali", "population": 250, "place_class": "hamlet", "population_source": "class_default", "osm_id": "7886655700"}}, {"type": "Feature", "geometry": {"type": "Point", "coordinates": [78.4263754, 30.2030409]}, "properties": {"name": "Parshpani", "population": 250, "place_class": "hamlet", "population_source": "class_default", "osm_id": "7886655701"}}, {"type": "Feature", "geometry": {"type": "Point", "coordinates": [78.4453869, 30.1945842]}, "properties": {"name": "Kua", "population": 250, "place_class": "hamlet", "population_source": "class_default", "osm_id": "7886655702"}}, {"type": "Feature", "geometry": {"type": "Point", "coordinates": [78.4529185, 30.2005745]}, "properties": {"name": "Kyara", "population": 250, "place_class": "hamlet", "population_source": "class_default", "osm_id": "7886655703"}}, {"type": "Feature", "geometry": {"type": "Point", "coordinates": [78.4566736, 30.2052107]}, "properties": {"name": "Jamola", "population": 250, "place_class": "hamlet", "population_source": "class_default", "osm_id": "7886655704"}}, {"type": "Feature", "geometry": {"type": "Point", "coordinates": [78.4452581, 30.2089009]}, "properties": {"name": "Anetha", "population": 250, "place_class": "hamlet", "population_source": "class_default", "osm_id": "7886655705"}}, {"type": "Feature", "geometry": {"type": "Point", "coordinates": [78.4405374, 30.1179394]}, "properties": {"name": "Bagwan", "population": 250, "place_class": "hamlet", "population_source": "class_default", "osm_id": "7886719413"}}, {"type": "Feature", "geometry": {"type": "Point", "coordinates": [78.4244227, 30.1213731]}, "properties": {"name": "Khaglia", "population": 250, "place_class": "hamlet", "population_source": "class_default", "osm_id": "7886719414"}}, {"type": "Feature", "geometry": {"type": "Point", "coordinates": [78.4404945, 30.1272751]}, "properties": {"name": "Gal", "population": 250, "place_class": "hamlet", "population_source": "class_default", "osm_id": "7886719416"}}, {"type": "Feature", "geometry": {"type": "Point", "coordinates": [78.4388852, 30.1379088]}, "properties": {"name": "Chameli", "population": 250, "place_class": "hamlet", "population_source": "class_default", "osm_id": "7886719418"}}, {"type": "Feature", "geometry": {"type": "Point", "coordinates": [78.4198737, 30.142752]}, "properties": {"name": "Bhatia", "population": 250, "place_class": "hamlet", "population_source": "class_default", "osm_id": "7886719420"}}, {"type": "Feature", "geometry": {"type": "Point", "coordinates": [78.4788179, 30.1706008]}, "properties": {"name": "Kwi Gad", "population": 250, "place_class": "hamlet", "population_source": "class_default", "osm_id": "7886755228"}}, {"type": "Feature", "geometry": {"type": "Point", "coordinates": [78.4690976, 30.1708049]}, "properties": {"name": "Tipri", "population": 250, "place_class": "hamlet", "population_source": "class_default", "osm_id": "7886755229"}}, {"type": "Feature", "geometry": {"type": "Point", "coordinates": [78.4876263, 30.1719828]}, "properties": {"name": "Sain Gadna", "population": 250, "place_class": "hamlet", "population_source": "class_default", "osm_id": "7886755232"}}, {"type": "Feature", "geometry": {"type": "Point", "coordinates": [78.4932375, 30.1736617]}, "properties": {"name": "Bhairgad", "population": 250, "place_class": "hamlet", "population_source": "class_default", "osm_id": "7886755233"}}, {"type": "Feature", "geometry": {"type": "Point", "coordinates": [78.4939456, 30.13442]}, "properties": {"name": "Jand", "population": 250, "place_class": "hamlet", "population_source": "class_default", "osm_id": "7886755236"}}, {"type": "Feature", "geometry": {"type": "Point", "coordinates": [78.4874224, 30.1542933]}, "properties": {"name": "Ghyugar", "population": 250, "place_class": "hamlet", "population_source": "class_default", "osm_id": "7886755237"}}, {"type": "Feature", "geometry": {"type": "Point", "coordinates": [78.477155, 30.1550261]}, "properties": {"name": "Chopra", "population": 250, "place_class": "hamlet", "population_source": "class_default", "osm_id": "7886755238"}}, {"type": "Feature", "geometry": {"type": "Point", "coordinates": [78.4772944, 30.1462591]}, "properties": {"name": "Pajaingaon", "population": 250, "place_class": "hamlet", "population_source": "class_default", "osm_id": "7886755239"}}, {"type": "Feature", "geometry": {"type": "Point", "coordinates": [78.4648704, 30.1442551]}, "properties": {"name": "Bairgaon", "population": 250, "place_class": "hamlet", "population_source": "class_default", "osm_id": "7886755240"}}, {"type": "Feature", "geometry": {"type": "Point", "coordinates": [78.4759211, 30.1393933]}, "properties": {"name": "Bagi", "population": 250, "place_class": "hamlet", "population_source": "class_default", "osm_id": "7886755242"}}, {"type": "Feature", "geometry": {"type": "Point", "coordinates": [78.4802985, 30.138317]}, "properties": {"name": "Naigaon", "population": 250, "place_class": "hamlet", "population_source": "class_default", "osm_id": "7886755243"}}, {"type": "Feature", "geometry": {"type": "Point", "coordinates": [78.4790754, 30.1290011]}, "properties": {"name": "Naigaon", "population": 250, "place_class": "hamlet", "population_source": "class_default", "osm_id": "7886755246"}}, {"type": "Feature", "geometry": {"type": "Point", "coordinates": [78.4630036, 30.1212803]}, "properties": {"name": "Jamun", "population": 250, "place_class": "hamlet", "population_source": "class_default", "osm_id": "7886755248"}}, {"type": "Feature", "geometry": {"type": "Point", "coordinates": [78.4361386, 30.1172156]}, "properties": {"name": "Gular Dogi", "population": 250, "place_class": "hamlet", "population_source": "class_default", "osm_id": "7887543647"}}, {"type": "Feature", "geometry": {"type": "Point", "coordinates": [78.4443998, 30.0991727]}, "properties": {"name": "Kunir Gad", "population": 250, "place_class": "hamlet", "population_source": "class_default", "osm_id": "7887543648"}}, {"type": "Feature", "geometry": {"type": "Point", "coordinates": [78.4395718, 30.0969264]}, "properties": {"name": "Kandasu Gad", "population": 250, "place_class": "hamlet", "population_source": "class_default", "osm_id": "7887543649"}}, {"type": "Feature", "geometry": {"type": "Point", "coordinates": [78.4297871, 30.1087329]}, "properties": {"name": "Sirasu", "population": 250, "place_class": "hamlet", "population_source": "class_default", "osm_id": "7887543650"}}, {"type": "Feature", "geometry": {"type": "Point", "coordinates": [78.4461164, 30.1136704]}, "properties": {"name": "Wilogi", "population": 250, "place_class": "hamlet", "population_source": "class_default", "osm_id": "7887543652"}}, {"type": "Feature", "geometry": {"type": "Point", "coordinates": [78.4515881, 30.116603]}, "properties": {"name": "Gattu Gad", "population": 250, "place_class": "hamlet", "population_source": "class_default", "osm_id": "7887543653"}}, {"type": "Feature", "geometry": {"type": "Point", "coordinates": [78.4601605, 30.0979753]}, "properties": {"name": "Devi Danda", "population": 250, "place_class": "hamlet", "population_source": "class_default", "osm_id": "7887543654"}}, {"type": "Feature", "geometry": {"type": "Point", "coordinates": [78.4569311, 30.1077119]}, "properties": {"name": "Lorsi", "population": 250, "place_class": "hamlet", "population_source": "class_default", "osm_id": "7887543655"}}, {"type": "Feature", "geometry": {"type": "Point", "coordinates": [78.484118, 30.0847843]}, "properties": {"name": "Badir", "population": 250, "place_class": "hamlet", "population_source": "class_default", "osm_id": "7887543656"}}, {"type": "Feature", "geometry": {"type": "Point", "coordinates": [78.4966278, 30.0945315]}, "properties": {"name": "Daindh", "population": 250, "place_class": "hamlet", "population_source": "class_default", "osm_id": "7887543657"}}, {"type": "Feature", "geometry": {"type": "Point", "coordinates": [78.4861994, 30.1001752]}, "properties": {"name": "Bugala", "population": 250, "place_class": "hamlet", "population_source": "class_default", "osm_id": "7887543658"}}, {"type": "Feature", "geometry": {"type": "Point", "coordinates": [78.4812212, 30.0959796]}, "properties": {"name": "Gangalsi", "population": 250, "place_class": "hamlet", "population_source": "class_default", "osm_id": "7887543659"}}, {"type": "Feature", "geometry": {"type": "Point", "coordinates": [78.4789681, 30.1016789]}, "properties": {"name": "Nasogi", "population": 250, "place_class": "hamlet", "population_source": "class_default", "osm_id": "7887543660"}}, {"type": "Feature", "geometry": {"type": "Point", "coordinates": [78.4734964, 30.1070437]}, "properties": {"name": "Mundala", "population": 250, "place_class": "hamlet", "population_source": "class_default", "osm_id": "7887543661"}}, {"type": "Feature", "geometry": {"type": "Point", "coordinates": [78.4765863, 30.1136332]}, "properties": {"name": "Mandiyargaon", "population": 250, "place_class": "hamlet", "population_source": "class_default", "osm_id": "7887543662"}}, {"type": "Feature", "geometry": {"type": "Point", "coordinates": [78.4945678, 30.0777472]}, "properties": {"name": "Kauriala", "population": 250, "place_class": "hamlet", "population_source": "class_default", "osm_id": "7888665190"}}, {"type": "Feature", "geometry": {"type": "Point", "coordinates": [78.4532404, 30.0755375]}, "properties": {"name": "Manjilgaon", "population": 250, "place_class": "hamlet", "population_source": "class_default", "osm_id": "7888665192"}}, {"type": "Feature", "geometry": {"type": "Point", "coordinates": [78.4716511, 30.0708674]}, "properties": {"name": "Kandarasain", "population": 250, "place_class": "hamlet", "population_source": "class_default", "osm_id": "7888665194"}}, {"type": "Feature", "geometry": {"type": "Point", "coordinates": [78.4309673, 30.0854156]}, "properties": {"name": "Serainala", "population": 250, "place_class": "hamlet", "population_source": "class_default", "osm_id": "7888665215"}}, {"type": "Feature", "geometry": {"type": "Point", "coordinates": [78.421483, 30.0907627]}, "properties": {"name": "Bansani", "population": 250, "place_class": "hamlet", "population_source": "class_default", "osm_id": "7888665216"}}]}